lepirudin,zidovudine,oxymetazoline,almitrine,indacaterol,rivaroxaban,loxoprofen,gemcitabine,106
cetuximab,darifenacin,diethylpropion,allylestrenol,rp101,avanafil,dexibuprofen,entecavir,polar
etanercept,oxycodone,salmeterol,cholestyramine,tm30338,eflornithine,dexketoprofen,betamethasone,patient-month
bivalirudin,phenindione,methantheline,19-norandrostenedione,cx717,hexaminolevulinate,droxicam,teniposide,fsca
leuprolide,flutamide,zalcitabine,antipyrine,ddp733,droxidopa,firocoxib,epirubicin,fk506
alteplase,tolmetin,demecarium,alfacalcidol,bzl101,amrubicin,clonixin,chloramphenicol,rhg-csf
urokinase,cimetidine,phenprocoumon,glutethimide,mf101,udenafil,nicorandil,loracarbef,arb
goserelin,haloperidol,fulvestrant,phenazopyridine,an0128,sitaxentan,polaprezinc,lansoprazole,depot
reteplase,ritonavir,mezlocillin,"5-methoxy-n,n-diisopropyltryptamine",erdosteine,sulodexide,blonanserin,dipivefrin,hydroxylase
erythropoietin,levallorphan,felbamate,mmda,ily101,tocilizumab,melperone,droperidol,clindamycin/benzoyl
pegfilgrastim,tridihexethyl,fexofenadine,alpha-methyltryptamine,r1626,alvimopan,zotepine,levothyroxine,levo-isomer
sargramostim,nitazoxanide,isoniazid,heroin,gft14,levocetirizine,barnidipine,framycetin,ly404039
secretin,triflupromazine,naratriptan,"3,4-methylenedioxymethamphetamine",mitoquinone,ziconotide,aranidipine,clomocycline,p=002
asparaginase,dextrothyroxine,rizatriptan,5-androstenedione,incb13739,teriparatide,azelnidipine,pethidine,hero-1
anakinra,acetyldigitoxin,dirithromycin,bezitramide,phx1149,temsirolimus,benidipine,loratadine,opc-21268
anistreplase,vancomycin,netilmicin,fencamfamine,av411,amisulpride,cilnidipine,cefalotin,antiplatelet
tenecteplase,dextromethorphan,hydrocodone,ethylmorphine,atg002,simeprevir,darodipine,prazosin,relieved
menotropins,cisplatin,norgestimate,delta1-dihydrotestosterone,adx10059,dapagliflozin,efonidipine,imipramine,habit-forming
desmopressin,bentoquatam,carboplatin,barbital,av608,elotuzumab,lacidipine,acitretin,5500
oprelvekin,albendazole,methylprednisolone,4-hydroxytestosterone,srt501,saxagliptin,levamlodipine,verteporfin,223
palifermin,trandolapril,pindolol,cathine,tg100801,pertuzumab,manidipine,nabumetone,ssri
aldesleukin,caspofungin,mepivacaine,dimethyltryptamine,fenretinide,rilonacept,niguldipine,ketorolac,189
omalizumab,carteolol,zaleplon,camazepam,hy10275,bazedoxifene,niludipine,picrotoxin,starvation
rasburicase,bentiromide,bromfenac,aminorex,obe101,telavancin,moxonidine,enoxacin,frusemide-induced
cetrorelix,alitretinoin,apraclonidine,ethylestrenol,arx201,ambrisentan,pirlindole,quinine,xr
adalimumab,metolazone,telmisartan,dichloralphenazone,ba058,doxercalciferol,toloxatone,tenoxicam,multiskin
imiglucerase,tolnaftate,desloratadine,etorphine,ganaxolone,oxymetholone,iproclozide,dronabinol,mio
abciximab,oxaliplatin,methyldopa,difenoxin,tetrathiomolybdate,armodafinil,pheniprazine,montelukast,51901
pegaspargase,cinchocaine,alosetron,"3,4-methylenedioxyamphetamine",m0002,etravirine,caroxazone,fluoxetine,rarely
eptifibatide,lercanidipine,dactinomycin,delorazepam,cdp323,calfactant,dextran,hexylcaine,zomax
infliximab,foscarnet,azelastine,benzoylecgonine,ax200,cethromycin,tegafur,methohexital,clopamide
vasopressin,erlotinib,ezetimibe,tenocyclidine,mdv3100,tyloxapol,gimeracil,chlordiazepoxide,pegol
hyaluronidase,cyclophosphamide,dipyridamole,androstenediol,cimicoxib,cangrelor,bemiparin,duloxetine,alesse
trastuzumab,mephenytoin,telithromycin,dextromoramide,ly2140023,prucalopride,reviparin,chlorpromazine,viz
rituximab,rofecoxib,lomefloxacin,carfentanil,labetuzumab,gaboxadol,parnaparin,rimantadine,raltitrexed/infusional
basiliximab,chlormerodrin,cyclopentolate,4-androstenedione,leptin,bevirimat,certoparin,amikacin,nutriture
muromonab,cefdinir,ramelteon,boldenone,ancrod,pazopanib,imidafenacin,lenalidomide,originally
daptomycin,guanidine,physostigmine,flunitrazepam,prinomastat,agomelatine,patiromer,raloxifene,rt-pa
tositumomab,ciprofloxacin,isotretinoin,diprenorphine,matuzumab,panobinostat,idarucizumab,celecoxib,diester
pegvisomant,gadoversetamide,formoterol,fenproporex,ag7088,apixaban,lixisenatide,brimonidine,sak
pancrelipase,toremifene,dimenhydrinate,dihydrocodeine,asimadoline,mepolizumab,cimetropium,dicloxacillin,exercising
streptokinase,nortriptyline,glycopyrronium,betameprodine,pleconaril,peramivir,eluxadoline,nabilone,125
alemtuzumab,vincristine,cytarabine,cloxazolam,ir208,bosutinib,doxofylline,pefloxacin,r-isomer
alglucerase,benazepril,dopamine,bromazepam,eht899,flupirtine,artesunate,altretamine,luteolytic
capromab,amoxapine,rivastigmine,clotiazepam,trabectedin,axitinib,fimasartan,sotalol,ara-atp
laronidase,fluorouracil,exemestane,cathinone,fontolizumab,isavuconazonium,lumacaftor,buspirone,her2
cyclosporine,pyridostigmine,oxaprozin,calusterone,ap5280,dalfampridine,molsidomine,miglitol,amidohydrolase
alefacept,adinazolam,azathioprine,dihydromorphine,105ad7,denosumab,trapidil,fosinopril,dipropionate
felypressin,desoximetasone,neomycin,fludiazepam,nn344,ofatumumab,morniflumate,cefotaxime,antiserotonergic
urofollitropin,zafirlukast,auranofin,ohmefentanyl,nb1011,liraglutide,pipamperone,entacapone,scg
efalizumab,propylthiouracil,gabapentin,3-methylfentanyl,rilapladib,pasireotide,propacetamol,stiripentol,1:20000
filgrastim,pentostatin,doxorubicin,attapulgite,1d09c3,golimumab,tianeptine,aurothioglucose,n-methyl-d-aspartate
becaplermin,methoxsalen,frovatriptan,kaolin,r1295,esmirtazapine,ramosetron,dienogest,atlast
octreotide,piroxicam,hydrochlorothiazide,dextroamphetamine,gemcabene,belatacept,rolapitant,medrogestone,intercalator
abarelix,lamotrigine,cyclacillin,methamphetamine,arc183,vilazodone,sacubitril,brexpiprazole,sulphadoxine/pyrimethamine
oxytocin,perflutren,salbutamol,metrizamide,pym50018,laquinimod,talniflumate,copper,underdiagnosed
natalizumab,hydroxyzine,levobupivacaine,phendimetrazine,ana971,sipuleucel-t,ombitasvir,ioversol,125
enfuvirtide,zanamivir,ganciclovir,oxprenolol,elsamitrucin,mepyramine,paritaprevir,ioxilan,r-verapamil
palivizumab,bosentan,hydroxyurea,sulfamethazine,ttp889,aprotinin,alirocumab,oxygen,lamisil
daclizumab,tigecycline,letrozole,liotrix,nd1251,mevastatin,evolocumab,sincalide,enzo
bevacizumab,doxapram,tioconazole,thyroglobulin,vp025,xylometazoline,setiptiline,sonidegib,pyridoxamine
cyanocobalamin,benzthiazide,busulfan,ketazolam,cnf1010,arbekacin,aptazapine,water,diclofenac50/misoprostol
l-histidine,methotrexate,ketoprofen,prazepam,bavituximab,artemether,oxaprotiline,nitrogen,gtp
s-adenosylmethionine,carbamazepine,edrophonium,quazepam,lobeline,betahistine,solithromycin,helium,overshadowed
l-phenylalanine,succimer,metyrapone,everolimus,adpedf,degarelix,kitasamycin,iopromide,anti-tac
biotin,cephalexin,cinacalcet,solifenacin,cr002,desvenlafaxine,xenon-133,etizolam,crh
choline,cinnarizine,balsalazide,iron,rav12,dexmethylphenidate,sulbactam,dosulepin,dsts
l-lysine,vinblastine,sulfamethoxazole,zinc,ly2181308,fesoterodine,tegafur-uracil,4-phenylfentanyl,ssz
l-arginine,propranolol,glyburide,cinolazepam,nd7001,gadobutrol,vayarin,3-allylfentanyl,30400
spermine,atropine,minocycline,nitrazepam,oxi-4503,iobenguane,osimertinib,brifentanil,ck
l-ornithine,fenoprofen,guanfacine,cilastatin,xl820,isometheptene,daratumumab,butyrfentanyl,lal
l-glutamine,fenfluramine,bethanechol,imipenem,cyt997,levonordefrin,alatrofloxacin,lofentanil,phlebotomists
l-serine,clonidine,trichlormethiazide,probucol,cg0070,lumefantrine,tipiracil,mirfentanil,phosphatidylcholines
l-methionine,sulfamethizole,phylloquinone,lopinavir,xl844,methacholine,beta-propiolactone,4-fluorofentanyl,<i>schistosoma
l-tyrosine,valaciclovir,felodipine,bacampicillin,cad106,methyltestosterone,levobetaxolol,phenaridine,mitoguazone
calcitriol,carbenicillin,amlexanox,meticillin,tst10088,naphazoline,dexpanthenol,r-30490,doxacurium
xanthophyll,mazindol,ketoconazole,pivampicillin,ngx267,nilvadipine,norgestrel,thienylfentanyl,cefoperazone/sulbactam
l-cystine,valdecoxib,methoxyflurane,pivmecillinam,xl184,norelgestromin,protirelin,trefentanil,dotarizine
riboflavin,lactulose,irbesartan,tazobactam,cr665,propylhexedrine,enalaprilat,benzylfentanyl,tzds
n-acetyl-d-glucosamine,voriconazole,topotecan,ticarcillin,sl017,fospropofol,acrivastine,dasabuvir,ag
glutathione,l-carnitine,ethinamate,propericiazine,kc706,fosaprepitant,hydroquinone,edivoxetine,differin
glycine,enalapril,probenecid,deferasirox,pm02734,stanozolol,necitumumab,viloxazine,vehicles
calcidiol,nizatidine,mercaptopurine,valganciclovir,ccx915,buserelin,ixazomib,nisoxetine,deuterium-labeled
pyridoxal,diclofenac,cerulenin,hydroxychloroquine,prx302,lornoxicam,petrolatum,lortalamine,experimental
creatine,cinalukast,procainamide,acepromazine,elafin,bufuralol,pyroglutamate,talopram,diclofenac-potassium
l-leucine,lisuride,tolterodine,alverine,ly2275796,sparteine,selexipag,tandamine,p=0023
l-tryptophan,doxazosin,selegiline,molindone,pdpsc18,aniline,alectinib,etoperidone,pendetide
l-cysteine,piperazine,carphenazine,phenindamine,ec145,sulfaphenazole,pidotimod,mepiprazole,monoclonal
thiamine,ethosuximide,fenofibrate,pheniramine,at9283,gestodene,roquinimex,lobeglitazone,mst
ergocalciferol,amiloride,thalidomide,pipotiazine,benzimate,seproxetine,cefroxadine,rivoglitazone,hypocalcemic
l-citrulline,oxytetracycline,melphalan,thioproperazine,e2012,zaltoprofen,sarafloxacin,ciglitazone,400-600
l-threonine,ulobetasol,memantine,thiothixene,ptc299,ketobemidone,toluene,cirazoline,b12
nadh,gadoteridol,gatifloxacin,zuclopenthixol,cmx001,gavestinel,lesinurad,synephrine,lh/hcg
icosapent,labetalol,rifampicin,isopropamide,dg051,ambroxol,bicuculline,arotinolol,predisposed
l-alanine,thiopental,lubiprostone,pargyline,lx6171,drotaverine,ixekizumab,moxisylyte,serms
l-valine,monobenzone,fluocinonide,lincomycin,as1409,manganese,elbasvir,trimazosin,coffee
pyridoxine,linezolid,abacavir,etoricoxib,mln0415,sacrosidase,grazoprevir,pegloticase,244
l-isoleucine,ivermectin,ibuprofen,5-fluorouridine,xl228,beractant,venetoclax,pholcodine,colifor
aspartame,cisapride,novobiocin,sorbitol,tro19622,tetryzoline,thiocolchicoside,piracetam,teratogenic
cholecalciferol,sulindac,benzylpenicillin,genistein,sq109,alcaftadine,thimerosal,limaprost,repo
menadione,cyclothiazide,nitrendipine,roflumilast,gft505,apomorphine,bilastine,aprobarbital,cilexetil
l-proline,nafcillin,mimosine,rutin,kd3010,paroxetine,nitrocefin,heptabarbital,hyperbaric
adenine,chloroquine,tocainide,dehydroepiandrosterone,xl281,nedocromil,domiphen,hexobarbital,cephamycin
l-asparagine,ethionamide,echothiophate,camphor,mb07811,norethisterone,atezolizumab,lithium,tretinoin-induced
pravastatin,metaraminol,praziquantel,dalfopristin,r7128,azatadine,levoleucovorin,mestranol,gpiib/iiia
fluvoxamine,butorphanol,norfloxacin,dihydroxyacetone,acr325,clodronate,beeswax,penbutolol,hbo
valsartan,bisoprolol,amoxicillin,piclamilast,sofalcone,procaine,myrrh,troleandomycin,k2
ramipril,amodiaquine,azlocillin,"1,2-propanediol",cyc116,lisinopril,lifitegrast,iohexol,otsuka
masoprocol,furazolidone,oxybutynin,benzophenone,lx1031,methoxamine,zorubicin,ephedra,anti-c-erbb-2
flunisolide,rifabutin,isoprenaline,hyperforin,at2220,imiquimod,gestrinone,ephedrine,idec-c2b8
baclofen,candoxatril,melatonin,putrescine,v24343,trimipramine,candoxatrilat,mephentermine,endotoxin-stimulated
amphetamine,paramethadione,cefditoren,pentanal,arc1779,nitroglycerin,lepirudin,procaterol,antimicrobial
pentagastrin,demeclocycline,glipizide,rolipram,cx157,rocuronium,cetuximab,rasagiline,in
nicotine,imatinib,clonazepam,staurosporine,ps433540,thiabendazole,etanercept,quinupristin,mycelex
cevimeline,triamcinolone,promethazine,swainsonine,sf1126,nateglinide,bivalirudin,aluminium,gel
lorazepam,oxandrolone,dihydrotachysterol,cyclohexanone,ac220,pralidoxime,leuprolide,calcium,sedds
esmolol,nicardipine,mequitazine,cellobiose,kd7040,risperidone,alteplase,magnesium,pvb
bortezomib,fluphenazine,atazanavir,isatin,mp470,naftifine,urokinase,glycodiazine,amx/ca
ethchlorvynol,testosterone,fludarabine,xanthine,gmx1777,esomeprazole,goserelin,paramethasone,dideoxyadenosine
carbidopa,efavirenz,perhexiline,propidium,pn0621,meclizine,reteplase,mibefradil,mor
phentermine,bacitracin,diphenhydramine,equilin,an2728,pentamidine,erythropoietin,yohimbine,l-glutamic
indecainide,niacin,atorvastatin,2'-deoxyuridine,mln8237,hetacillin,pegfilgrastim,bezafibrate,bactericidal/permeability-increasing
tramadol,clorazepate,deslanoside,glyceraldehyde-3-phosphate,kb001,riluzole,sargramostim,colchicine,5-fu/epi
vidarabine,guanabenz,tegaserod,porphobilinogen,sb939,hydrocortisone,secretin,drospirenone,paclitaxel/mitoxantrone
betaxolol,clofarabine,vigabatrin,calcipotriol,rep8839,mannitol,asparaginase,digitoxin,tiazofurin
fluconazole,docosanol,diphenoxylate,carbenoxolone,am103,zileuton,anakinra,salsalate,tlr
troglitazone,dexmedetomidine,streptomycin,2-methoxyestradiol,apd791,modafinil,anistreplase,neostigmine,k3
oseltamivir,sulfacetamide,orlistat,selenocysteine,rdea806,deferoxamine,tenecteplase,methotrimeprazine,hypersensitivity;
erythromycin,prednisone,emedastine,tolrestat,beraprost,scopolamine,menotropins,ginseng,pmol/8
hydroxocobalamin,clofibrate,pilocarpine,farnesol,ac3056,carbinoxamine,desmopressin,temafloxacin,rituximab-containing
caffeine,astemizole,benzocaine,thymol,tetrodotoxin,etodolac,oprelvekin,danazol,schizophreniasymptoms
succinylcholine,inulin,primaquine,vorinostat,nrp409,prilocaine,palifermin,clenbuterol,mvi
sildenafil,butoconazole,iloprost,d-phenylalanine,ren001,epinastine,aldesleukin,bambuterol,immunopathogenic
dofetilide,adenosine,pentolinium,colforsin,rhmbl,tranylcypromine,omalizumab,tiotropium,paba
pyrimethamine,simvastatin,butenafine,terlipressin,plx4032,isoflurane,rasburicase,ciclesonide,cdp571
reserpine,pemetrexed,ouabain,cyanamide,cobimetinib,ethotoin,cetrorelix,pranlukast,lipopolysaccharides
azithromycin,mebendazole,hesperetin,nicotinamide,xl147,tretinoin,adalimumab,theobromine,non-reactors
ticlopidine,gonadorelin,fluvastatin,resveratrol,xl765,hexachlorophene,imiglucerase,cefepime,ng-monomethyl-l-arginine
trospium,dyclonine,oxamniquine,sucrose,eirna,dolasetron,abciximab,ceftibuten,69
adapalene,nystatin,leflunomide,pregnenolone,xl019,clopidogrel,pegaspargase,cefpodoxime,intramolecular
midodrine,dextropropoxyphene,rosuvastatin,d-proline,g4544,tetracycline,eptifibatide,acenocoumarol,saruplase
remikiren,mitotane,flucytosine,guanosine,methsuximide,meropenem,infliximab,antrafenine,carbamoylation
pantoprazole,stavudine,pimozide,3-amino-5-phenylpentane,vrx496,irinotecan,vasopressin,paromomycin,intradermally
torasemide,leucovorin,capecitabine,ttnpb,acclaim,methimazole,hyaluronidase,nitroxoline,gbs
citalopram,dyphylline,arbutamine,methylthioinosine,proellex,mometasone,trastuzumab,aminophenazone,bau
eletriptan,pentazocine,quinacrine,dihydrotestosterone,plasmin,metyrosine,rituximab,alizapride,dinitrate
bethanidine,latanoprost,sertraline,oxitriptan,neocartilage,clavulanate,basiliximab,ajmaline,low-osmolar
moxifloxacin,estrone,sibutramine,l-rhamnose,oxypurinol,benzquinamide,muromonab,amrinone,membrane's
oxyphenonium,trazodone,levocabastine,n-ethylmaleimide,caprospinol,olopatadine,daptomycin,oxybenzone,irrational
nelfinavir,mecamylamine,methyprylon,methyltrienolone,ecabet,alprostadil,tositumomab,aprindine,znlys
glimepiride,sevelamer,trilostane,malonaldehyde,ibudilast,clidinium,pegvisomant,lesopitron,om
diflorasone,acamprosate,heparin,myo-inositol,ast-120,malathion,pancrelipase,canfosfamide,cyproterone
indinavir,metaxalone,miconazole,beta-alanine,rotigotine,etoposide,streptokinase,lerafaon,1:100000
gadodiamide,verapamil,colistimethate,acetylcholine,mcc,hydroflumethiazide,alemtuzumab,banoxantrone,isovolaemic
guanadrel,trimethobenzamide,cefuroxime,sphingosine,ca4p,tirofiban,alglucerase,plitidepsin,aminopeptidase
lovastatin,flumethasone,papaverine,oteracil,mpc-7869,oxcarbazepine,capromab,sp1049c,underdiagnosed
enflurane,sulfametopyrazine,chlorphenamine,phenol,idm-2,propiomazine,laronidase,avr118,deployment
cefotiam,nilutamide,nifedipine,maltose,vandetanib,roxithromycin,cyclosporine,lemuteporfin,adam
pregabalin,nafarelin,trimethaphan,hemin,eldecalcitol,phenelzine,alefacept,cg7870,hirudin
temazepam,epinephrine,atovaquone,ubenimex,dha-paclitaxel,propantheline,felypressin,talampanel,biodistribution
methyclothiazide,sumatriptan,amiodarone,cardiolipin,pti-801,estradiol,urofollitropin,denufosol,speculations
reboxetine,pirenzepine,diazoxide,"3-methyl-benzene-1,2-diol",lax-101,cryptenamine,efalizumab,pck3145,alpha-cyclodextrin
milrinone,cefixime,gliclazide,flavopiridol,wx-g250,marimastat,filgrastim,zyc300,mgkg-1
pipobroman,chlorpropamide,phenacemide,equilenin,ecallantide,aciclovir,becaplermin,p113d,n-0861
butabarbital,aprepitant,ambenonium,eniluracil,mp4,naproxen,octreotide,ign311,bud
nevirapine,galantamine,proflavine,spermidine,dn-101,perindopril,abarelix,ty800,konakion
oxiconazole,tamoxifen,tolbutamide,phencyclidine,mc-1,tripelennamine,oxytocin,xl784,allylamines
alclometasone,isoflurophate,anisindione,glucose-6-phosphate,pimavanserin,haloprogin,zidovudine,ap5346,ed50
butalbital,losartan,dutasteride,oxyphenbutazone,ngx-4010,primidone,darifenacin,at1022,cordaflex
cladribine,thioridazine,econazole,diminazene,peg-uricase,sulfasalazine,oxycodone,satraplatin,kinase
ranolazine,moricizine,bicalutamide,ribostamycin,inkp-102,candesartan,phenindione,atl1102,estrogen/progestogen
mesalazine,warfarin,rabeprazole,butylamine,as-3201,tolazoline,flutamide,agro100,ul
ziprasidone,midazolam,prednicarbate,cyclohexanol,vgv-1,gentamicin,tolmetin,psn9301,dehydogenase
methysergide,tobramycin,proguanil,tris,mdx-1379,tazarotene,cimetidine,imexon,double-bolus
cabergoline,trovafloxacin,pioglitazone,phenacetin,altu-135,fenoldopam,haloperidol,xl647,506
idoxuridine,fludrocortisone,tiludronate,formaldehyde,romiplostim,halazepam,ritonavir,sgs742,nanoemulsion
dapsone,flurazepam,carvedilol,cilomilast,tc-5231,alfentanil,levallorphan,eg004,taa
terconazole,moexipril,levofloxacin,eucalyptol,mn-305,colistin,tridihexethyl,xen2174,cystine
phenytoin,phentolamine,sulfinpyrazone,biopterin,c1-inh,dicyclomine,nitazoxanide,xl999,cap/p
medrysone,fluorescein,cefapirin,urea,sp-01a,minaprine,triflupromazine,belinostat,adam
doxycycline,daunorubicin,cefadroxil,d-serine,ono-2506,pentoxifylline,dextrothyroxine,ataluren,ida-flag
diethylstilbestrol,furosemide,micafungin,phosphocholine,nt-501,proparacaine,acetyldigitoxin,migalastat,thienopyridines
lymecycline,ergotamine,doxepin,ethanolamine,wl-1002,indapamide,vancomycin,ana380,s-2'6'-pipecoloxylidide
clotrimazole,tizanidine,amifostine,d-arginine,tak-390mr,tropicamide,dextromethorphan,emz702,neuropeptides
sulfanilamide,nitrofurantoin,diphenylpyraline,ergosterol,eur-1008,biperiden,cisplatin,amonafide,dehydropeptidase-i
cycloserine,nicergoline,cloxacillin,hypoxanthine,tak-491,ribavirin,bentoquatam,atl1101,fungicide
anagrelide,eplerenone,flavoxate,glycerol,vec-162,phenylbutazone,albendazole,cta018,hypermotility
carmustine,amprenavir,nefazodone,berberine,kw-3902,fentanyl,trandolapril,arimoclomol,alpha2-delta
sulfisoxazole,icodextrin,cefprozil,quercetin,actelion-1,meloxicam,caspofungin,apd125,15-mer
metoprolol,methazolamide,desipramine,geneticin,hzt-501,orciprenaline,carteolol,dg041,ellipta
crotamiton,naltrexone,candicidin,inosine,acr-16,rosoxacin,bentiromide,microplasmin,bdp
dicoumarol,delavirdine,sertaconazole,carbocisteine,cdx-110,propofol,alitretinoin,duramycin,once-monthly
cefmenoxime,tamsulosin,thiamylal,arecoline,max-002,acetazolamide,metolazone,xl880,depot
ropinirole,porfimer,gemifloxacin,3-fluorotyrosine,k101,tadalafil,tolnaftate,xp19986,msb
chlorotrianisene,sufentanil,bupropion,lactose,ae-941,carprofen,oxaliplatin,rev131,cariostatic
isradipine,lamivudine,trimetrexate,afimoxifene,wf10,disulfiram,cinchocaine,ularitide,gyrase
diatrizoate,ibandronate,bretylium,deoxythymidine,ai-700,enprofylline,lercanidipine,kb2115,oil/d
betazole,diethylcarbamazine,halothane,"2,4-dinitrophenol",nov-002,menthol,foscarnet,grn163l,cf101
topiramate,flurbiprofen,chloroprocaine,cholesterol,c31g,natamycin,erlotinib,at7519,fab
cefmetazole,oxacillin,terazosin,cytidine-5'-diphosphate,agi-1067,cinoxacin,cyclophosphamide,anatibant,fmn
olmesartan,apomorphine,amdinocillin,gluconolactone,qs-21,raxibacumab,mephenytoin,quinapril,trecovirsen
amsacrine,paroxetine,ofloxacin,latamoxef,me-609,bedaquiline,rofecoxib,clomifene,1726
theophylline,nedocromil,cilostazol,trioxsalen,cep-1347,formestane,chlormerodrin,risedronate,molgramostim
argatroban,norethisterone,itraconazole,thiotepa,gti-2501,canagliflozin,cefdinir,pemirolast,monotherapies
liothyronine,azatadine,procarbazine,estriol,idn-6556,pomalidomide,guanidine,omapatrilat,convulsant
disopyramide,clodronate,guanethidine,quinestrol,scio-469,trametinib,ciprofloxacin,bumetanide,fluorouracil/epinephrine
lidocaine,procaine,moclobemide,fleroxacin,t-1249,dabrafenib,gadoversetamide,mechlorethamine,psychoactive
pamidronate,lisinopril,kanamycin,aniracetam,era-923,aleglitazar,toremifene,granisetron,xanthines
clemastine,methoxamine,orphenadrine,cycloleucine,osi-461,afatinib,nortriptyline,dienestrol,tca
acarbose,imiquimod,phenobarbital,apramycin,ci-1033,levomilnacipran,vincristine,sulfapyridine,trh-stimulated
venlafaxine,trimipramine,escitalopram,aldosterone,vlts-589,perospirone,benazepril,oxybuprocaine,et
travoprost,nitroglycerin,cyclizine,camptothecin,rglp-1,adrafinil,amoxapine,testolactone,dose-responsive
amcinonide,rocuronium,idarubicin,gamma-butyrolactone,abt-510,amperozide,fluorouracil,rimexolone,alafenamide
atomoxetine,thiabendazole,chlormezanone,iodipamide,tnx-355,mk-8931,pyridostigmine,triazolam,lamisil
bleomycin,nateglinide,podofilox,licofelone,idm-4,dolutegravir,adinazolam,ethanol,t-alpha1
chlorambucil,pralidoxime,rescinnamine,nimesulide,idd-1,riociguat,desoximetasone,remifentanil,dissipated
etomidate,risperidone,ifosfamide,sulfatide,brx-235,macitentan,zafirlukast,didanosine,ointments
raltitrexed,naftifine,propafenone,suramin,ta-nic,luliconazole,propylthiouracil,bitolterol,dideoxyadenosine
etonogestrel,esomeprazole,naloxone,tanaproget,avi-4557,sofosbuvir,pentostatin,methdilazine,turbuhaler
morphine,meclizine,domperidone,tagetitoxin,px-12,obinutuzumab,methoxsalen,ondansetron,sucralose
ropivacaine,pentamidine,fluoxymesterone,5-methyltetrahydrofolate,fm-vp4,chlorcyclizine,piroxicam,bimatoprost,metastasize
bupivacaine,hetacillin,pergolide,bifonazole,ph-284,tas-102,lamotrigine,tiagabine,signs
dapiprazole,riluzole,iophendylate,thenoyltrifluoroacetone,etc-588,magaldrate,perflutren,cocaine,gamma-aminobutyrate
penciclovir,hydrocortisone,ciclopirox,benoxaprofen,osi-7904l,letosteine,hydroxyzine,quinidine,cigarettes
tenofovir,mannitol,desflurane,bithionol,abt-089,isoxsuprine,zanamivir,zonisamide,5'__triphosphate
flucloxacillin,zileuton,clindamycin,clioquinol,briakinumab,isoxicam,bosentan,paricalcitol,bao
ertapenem,modafinil,dexfenfluramine,metamizole,tlk-199,isoconazole,tigecycline,tinidazole,trafficking
desogestrel,deferoxamine,oxymorphone,methapyrilene,opc-28326,isoaminile,doxapram,repaglinide,ltg
mitomycin,scopolamine,acebutolol,nialamide,131-i-tm-601,iopamidol,benzthiazide,anileridine,1-desamino-8-d-arginine
talbutal,carbinoxamine,brinzolamide,nomifensine,nox-700,iodamide,methotrexate,phenformin,maltolate
bexarotene,etodolac,flecainide,phenolphthalein,r667,indoramin,carbamazepine,amantadine,beclomethasone
ibutilide,prilocaine,estramustine,prenylamine,r411,indoprofen,succimer,metronidazole,intranasal
vindesine,epinastine,captopril,zomepirac,vx-702,indenolol,cephalexin,dinoprostone,ionophore
chlorthalidone,tranylcypromine,zopiclone,buformin,sgn-30,indalpine,cinnarizine,almotriptan,allylamines
pentobarbital,isoflurane,tubocurarine,ticrynafen,scv-07,ifenprodil,vinblastine,spectinomycin,epidural
capreomycin,ethotoin,bromocriptine,zimelidine,wx-uk1,hydroxydione,propranolol,ketotifen,cola
zolmitriptan,tretinoin,rifapentine,methaqualone,pbi-1402,hexoprenaline,atropine,buprenorphine,sr
acetaminophen,hexachlorophene,levetiracetam,rapacuronium,le-sn38,hexetidine,fenoprofen,levosimendan,intracervical
gefitinib,dolasetron,nadolol,maraviroc,pcl-016,hexamethonium,fenfluramine,ceforanide,hirudin
codeine,clopidogrel,mitoxantrone,amineptine,adh-1,azosemide,clonidine,cyclobenzaprine,effects
piperacillin,tetracycline,flumazenil,cyclandelate,cc-8490,glibornuride,sulfamethizole,phenoxybenzamine,jak/stat
dihydroergotamine,meropenem,lomustine,debrisoquin,t131,gemeprost,valaciclovir,etretinate,reading
amitriptyline,irinotecan,ridogrel,flunarizine,atn-161,fusafungine,carbenicillin,famotidine,interchangeable
floxuridine,methimazole,sparfloxacin,fluspirilene,nx-1207,fursultiamine,mazindol,azacitidine,gellan
tolcapone,mometasone,dezocine,mepenzolate,cp-4055,fominoben,valdecoxib,misoprostol,peroxide-containing
fluorometholone,metyrosine,levobunolol,tetrabenazine,pg-530742,fluprednidene,lactulose,colesevelam,ddp
nitroprusside,clavulanate,clarithromycin,ixabepilone,trx4,fluocortolone,voriconazole,methacycline,21-mg
hydromorphone,benzquinamide,ceftriaxone,celiprolol,kw-7158,flumequine,l-carnitine,tipranavir,isam
indomethacin,olopatadine,fomepizole,fg-4592,amd-070,flubendazole,enalapril,mesoridazine,primes
ethambutol,alprostadil,metipranolol,azd2171,ag-858,floctafenine,oxymetazoline,maprotiline,contributed
metformin,clidinium,estazolam,binodenoson,nm-702,fibrinolysin,diethylpropion,ls11,75-225
methadone,malathion,finasteride,febuxostat,vx-765,fentonium,salmeterol,eco-4601,allergenic
olanzapine,etoposide,anastrozole,dronedarone,pti-901,fenspiride,methantheline,chir-258,stanols
atenolol,hydroflumethiazide,halofantrine,dexloxiglumide,huperzine-a,fendiline,zalcitabine,gpi-0100,flutter
pimecrolimus,tirofiban,dantrolene,brasofensine,mm-093,fenbufen,demecarium,eteplirsen,secretionthe
omeprazole,oxcarbazepine,rifaximin,tirapazamine,telaprevir,etofibrate,phenprocoumon,cariprazine,controlled-ileal-release
pyrazinamide,propiomazine,ketamine,isatoribine,mipomersen,etofenamate,fulvestrant,pa-1050040,phvt
metixene,roxithromycin,budesonide,nebivolol,ramucirumab,etilefrine,mezlocillin,zen-012,hormone
cetirizine,phenelzine,aminophylline,merimepodib,farletuzumab,etifoxine,felbamate,olaratumab,udp
terfenadine,propantheline,quetiapine,lefradafiban,ot-551,etidocaine,fexofenadine,azd-8330,tocopheryl
diltiazem,estradiol,enoxaparin,halofuginone,mgcd-0103,ethoheptazine,isoniazid,kai-1455,unpredictably
protriptyline,cryptenamine,mivacurium,lintitript,vtp-201227,eprazinone,naratriptan,ard-07,cardio-selective
alfuzosin,marimastat,encainide,nilotinib,zk-epothilone,eperisone,rizatriptan,xmt-1001,sulphaemoglobinaemia
trimethadione,aciclovir,paclitaxel,olcegepant,td-5108,enviomycin,dirithromycin,snx-5422,deployment
nitisinone,naproxen,pemoline,lorcaserin,tzp-101,ditazole,netilmicin,dts-201,intercourse
clobazam,perindopril,diphenidol,osanetant,sch-503034,diosmin,hydrocodone,cts-21166,psychedelic
minoxidil,tripelennamine,saquinavir,piboserod,ac-100,dexetimide,norgestimate,lumateperone,explosive
tioguanine,haloprogin,metoclopramide,picoplatin,ep-2104r,cyclopentamine,carboplatin,abt-869,oraflex
methylergometrine,primidone,dexamethasone,pralnacasan,apremilast,cyamemazine,methylprednisolone,ica-105665,lipitor
buclizine,sulfasalazine,levodopa,vildagliptin,ustekinumab,barbexaclone,pindolol,nxn-188,axetil
aztreonam,candesartan,sevoflurane,voacamine,fx06,clocapramine,mepivacaine,gsk-923295,microprolactinoma
chlorzoxazone,tolazoline,bromodiphenhydramine,voglibose,bl-1020,clobutinol,zaleplon,imc-1c11,bacteriathe
aminoglutethimide,gentamicin,aripiprazole,vatalanib,crx-119,clinofibrate,bromfenac,vx-148,oxide-isoflurane
mefloquine,tazarotene,chlorprothixene,enoximone,als-08,cephaloridine,apraclonidine,svv-001,phenylacetylglutamine
sulfadiazine,fenoldopam,epoprostenol,elacridar,gts-21,articaine,telmisartan,sertindole,preliminary
sapropterin,halazepam,gemfibrozil,edotecarin,genz-112638,carmofur,desloratadine,sulfathiazole,0.05
vinorelbine,alfentanil,clomipramine,darusentan,maxy-g34,beclamide,methyldopa,mianserin,microg/g
anidulafungin,colistin,chloroxine,dapoxetine,elesclomol,carbazochrome,alosetron,teicoplanin,oh2
clozapine,dicyclomine,bepridil,cilansetron,cgc-11047,befunolol,dactinomycin,sulfadimethoxine,f2-isoprostanes
sucralfate,minaprine,decamethonium,brecanavir,pmi-001,butriptyline,azelastine,acetylcysteine,neoral
grepafloxacin,pentoxifylline,alimemazine,bifeprunox,cyt006-angqb,brotizolam,ezetimibe,rimonabant,decarboxylase
doxylamine,proparacaine,isocarboxazid,bicifadine,rpi-78m,bromopride,dipyridamole,canakinumab,r-salbutamol
levonorgestrel,indapamide,docetaxel,bepotastine,map-0004,bromhexine,telithromycin,romidepsin,benzisothiazole
norepinephrine,tropicamide,iodixanol,becocalcidiol,chr-2797,bisacodyl,lomefloxacin,ipilimumab,neurotransmitters
cidofovir,biperiden,olsalazine,phenserine,pf-03187207,benzoctamine,cyclopentolate,solabegron,chemosensitizer
mirtazapine,ribavirin,gliquidone,azd3409,nb-002,benfluorex,ramelteon,pixantrone,thiazolidinediones
meprobamate,phenylbutazone,mitiglinide,vapreotide,ave-1625,benactyzine,physostigmine,icatibant,micrograms/kg/d
thiethylperazine,fentanyl,ergonovine,pegaptanib,vsf-173,aliskiren,isotretinoin,rufinamide,gel-forming
timolol,meloxicam,dasatinib,milnacipran,bf-37,ledipasvir,formoterol,alogliptin,hydroxypropyl-beta-cyclodextrin
treprostinil,orciprenaline,lisdexamfetamine,lucinactant,pac-113,cytisine,dimenhydrinate,tapentadol,#NAME?
colestipol,rosoxacin,retapamulin,ximelagatran,dnb-001,secukinumab,glycopyrronium,sugammadex,166ho-dotmp
trihexyphenidyl,propofol,eculizumab,nesiritide,imc-a12,vorapaxar,cytarabine,silodosin,ester
palonosetron,acetazolamide,lapatinib,thymalfasin,mk-0974,miltefosine,dopamine,prasugrel,hma
dydrogesterone,tadalafil,desonide,galiximab,asf-1096,vedolizumab,rivastigmine,eltrombopag,cautery
mexiletine,carprofen,sitagliptin,azd6140,atx-201,suvorexant,exemestane,doripenem,microg/kg/d
dexrazoxane,disulfiram,decitabine,pagoclone,acp-104,nivolumab,oxaprozin,tolvaptan,tli-treated
amlodipine,enprofylline,posaconazole,amolimogene,hmpl-004,siltuximab,azathioprine,regadenoson,kynurenine
tacrine,menthol,darunavir,tesmilifene,lcp-atorfen,pembrolizumab,neomycin,asenapine,cordaflex
oxyphencyclimine,natamycin,telbivudine,isa247,imc-11f8,empagliflozin,auranofin,lacosamide,s-ham
triamterene,cinoxacin,sinecatechins,eg009,crx-401,eliglustat,gabapentin,dalbavancin,serotonergic
valrubicin,fosfomycin,paliperidone,flibanserin,ic41,efinaconazole,doxorubicin,bendamustine,cf101
alseroxylon,diazepam,sunitinib,sitamaquine,art-123,tavaborole,frovatriptan,besifloxacin,trichloromethiazide
procyclidine,phenmetrazine,panitumumab,oxibendazole,atx-101,albiglutide,hydrochlorothiazide,cabazitaxel,sporadically
phenylephrine,trifluoperazine,ranibizumab,oritavancin,ac-1202,dulaglutide,cyclacillin,capsaicin,lithogenic
carbimazole,cefaclor,idursulfase,stannsoporfin,mgi-114,metreleptin,salbutamol,dalteparin,antinociception
digoxin,mifepristone,varenicline,g17dt,pro-542,finafloxacin,levobupivacaine,difluprednate,121
sulpiride,brompheniramine,arformoterol,phenoxodiol,tnx-901,netupitant,ganciclovir,dimercaprol,potassium-binding
ethopropazine,loperamide,hydralazine,renzapride,nox-100,naloxegol,hydroxyurea,ganirelix,antineuroblastoma
nimodipine,progabide,exenatide,ceftobiprole,pi-88,ceftolozane,letrozole,halcinonide,cps1
carisoprodol,clocortolone,mecasermin,alfimeprase,abiraterone,blinatumomab,tioconazole,hexocyclium,pamoate
progesterone,tolazamide,pramlintide,clevidipine,gpi-1485,ibrutinib,busulfan,histrelin,c-test
phenylpropanolamine,dobutamine,galsulfase,mbp8298,sgn-15,idelalisib,ketoprofen,lanreotide,smoking
sorafenib,oxazepam,nelarabine,xp13512,nbi-6024,avibactam,edrophonium,lodoxamide,relieved
griseofulvin,donepezil,abatacept,itopride,dp-b99,cannabidiol,metyrapone,mafenide,fe2+
nisoldipine,nalbuphine,carbetocin,desmoteplase,dp-vpa,ceritinib,cinacalcet,mangafodipir,caspase-mediated
eszopiclone,clofazimine,lumiracoxib,neramexane,g207,cobicistat,balsalazide,methylnaltrexone,calcium-heparin
ceruletide,flurandrenolide,cosyntropin,dg031,ing-1,vortioxetine,sulfamethoxazole,nepafenac,sucrase
alprazolam,cysteamine,corticotropin,permethrin,osi-7836,trimetazidine,glyburide,niclosamide,naa
dexbrompheniramine,levamisole,fenoterol,afamelanotide,ai-128,tibolone,minocycline,nonoxynol-9,azq
ardeparin,methylphenobarbital,glisoxepide,defibrotide,ai-850,tasimelteon,guanfacine,plerixafor,distinguished
loxapine,perphenazine,pirbuterol,eritoran,nv-07a,palbociclib,bethanechol,plicamycin,befloxatone
remoxipride,dacarbazine,bevantolol,rifalazil,mito-4509,olaparib,trichlormethiazide,polidocanol,death
mupirocin,pseudoephedrine,glucosamine,tagatose,clx-0921,edoxaban,phylloquinone,povidone-iodine,~90000
carbachol,temozolomide,practolol,gv1001,rivanicline,umeclidinium,felodipine,pralatrexate,fluctuated
rosiglitazone,levorphanol,sulfacytine,ospemifene,bi-k0376,dinutuximab,amlexanox,pyrvinium,desloratidine
pramipexole,chlorphenesin,sulfadoxine,e7389,tasquinimod,lenvatinib,ketoconazole,raltegravir,peptone
acetohexamide,terbinafine,oxtriphylline,crofelemer,isv-403,nintedanib,methoxyflurane,sulconazole,carboxylases
ampicillin,drostanolone,fosamprenavir,tamibarotene,trx1,olodaterol,irbesartan,tinzaparin,autoreceptor
phenoxymethylpenicillin,penicillamine,fosphenytoin,lx201,ppi-2458,idebenone,topotecan,tiopronin,microgramkg-1min-1
secobarbital,prednisolone,josamycin,acadesine,vit-100,vilanterol,ethinamate,triethylenetetramine,bacteria-derived
miglustat,diflunisal,polythiazide,iloperidone,cti-01,ivabradine,probenecid,triptorelin,teratogen
promazine,vardenafil,quinethazone,altropane,uc-781,benzydamine,mercaptopurine,viomycin,plausible
spironolactone,ranitidine,cefamandole,lofexidine,pde4,tetracaine,cerulenin,anisomycin,ii-receptor
methylphenidate,tacrolimus,cefazolin,pexelizumab,pyy3-36,eugenol,procainamide,tranilast,motofenr
methocarbamol,benzphetamine,cefonicid,ranpirnase,ame-527,trimebutine,tolterodine,puromycin,jdm
hyoscyamine,alprenolol,cefoperazone,pirfenidone,abx-pth,pinaverium,selegiline,parecoxib,gel
zolpidem,ritodrine,cefotetan,ramoplanin,nv-18,tixocortol,carphenazine,triclosan,substantiated
famciclovir,benzonatate,cefoxitin,ezogabine,cmc-544,xanthinol,fenofibrate,thiorphan,microg/kg/d
triprolidine,dorzolamide,ceftizoxime,tecadenoson,vegf-as,chlortetracycline,thalidomide,diloxanide,micrograms/d
streptozocin,suprofen,cefradine,pumactant,hgs-tr2j,podophyllin,melphalan,azidocillin,trimethoprim/sulfamethoxazole
cefpiramide,terbutaline,metocurine,afelimomab,sirna-027,difluocortolone,memantine,salicylamide,euglycemic
lindane,conivaptan,pancuronium,azimilide,rhigfbp-3,quinagolide,gatifloxacin,antazoline,topically
trifluridine,loteprednol,pipecuronium,epratuzumab,cere-110,somatrem,rifampicin,chloropyramine,bursitis
prochlorperazine,guaifenesin,vecuronium,hspe7,kos-1584,somatostatin,lubiprostone,dimetindene,posology
cyproheptadine,flupentixol,cilazapril,tipifarnib,al-108,elvitegravir,fluocinonide,isothipendyl,intracavernosal
bendroflumethiazide,eprosartan,potassium,troxacitabine,als-357,daclatasvir,abacavir,metiamide,hgcl
allopurinol,sirolimus,saprisartan,rhgad65,ren-850,ancestim,ibuprofen,bopindolol,mitogenesis
ceftazidime,chlorhexidine,spirapril,oregovomab,osi-930,mesna,novobiocin,bupranolol,adenylic
cerivastatin,emtricitabine,tasosartan,lucanthone,myo-029,pentastarch,benzylpenicillin,cinitapride,8-d-arginine
trimethoprim,chlorothiazide,amobarbital,ph94b,ct-011,paraldehyde,nitrendipine,tofisopam,b/5-flucytosine
gemcitabine,quinapril,aprobarbital,lesopitron,ls11,stiripentol,mimosine,nadroparin,ics
entecavir,clomifene,heptabarbital,canfosfamide,eco-4601,aurothioglucose,tocainide,triflusal,0.04
betamethasone,risedronate,hexobarbital,lerafaon,chir-258,dienogest,echothiophate,lurasidone,mutation-positive
teniposide,pemirolast,lithium,banoxantrone,gpi-0100,medrogestone,praziquantel,ticagrelor,d4
epirubicin,omapatrilat,mestranol,plitidepsin,eteplirsen,brexpiprazole,norfloxacin,tafluprost,reabsorbing
chloramphenicol,bumetanide,penbutolol,sp1049c,cariprazine,copper,amoxicillin,ivacaftor,labor
loracarbef,mechlorethamine,troleandomycin,avr118,pa-1050040,ioversol,azlocillin,spinosad,ghrp
lansoprazole,granisetron,iohexol,lemuteporfin,zen-012,ioxilan,oxybutynin,deferiprone,igfbps
dipivefrin,dienestrol,ephedra,cg7870,olaratumab,oxygen,isoprenaline,lomitapide,ltg
droperidol,sulfapyridine,ephedrine,talampanel,azd-8330,sincalide,almitrine,vismodegib,rhu-epo
levothyroxine,oxybuprocaine,mephentermine,denufosol,kai-1455,sonidegib,allylestrenol,2-deoxyglucose,epo
framycetin,testolactone,procaterol,pck3145,ard-07,water,cholestyramine,temocapril,benzotropine
clomocycline,rimexolone,rasagiline,zyc300,xmt-1001,nitrogen,19-norandrostenedione,tetraethylammonium,rt-pa
pethidine,triazolam,quinupristin,p113d,snx-5422,helium,antipyrine,agmatine,lamifiban
loratadine,ethanol,aluminium,ign311,dts-201,iopromide,alfacalcidol,tyramine,iodide-131
cefalotin,remifentanil,calcium,ty800,cts-21166,etizolam,glutethimide,acetylcarnitine,glp-1
prazosin,didanosine,magnesium,xl784,lumateperone,dosulepin,phenazopyridine,hydroxyproline,19-nor-5-andorstenedione
imipramine,bitolterol,glycodiazine,ap5346,abt-869,4-phenylfentanyl,"5-methoxy-n,n-diisopropyltryptamine",guvacine,vds
acitretin,methdilazine,paramethasone,at1022,ica-105665,3-allylfentanyl,mmda,pitavastatin,pdgf-d
verteporfin,ondansetron,mibefradil,satraplatin,nxn-188,brifentanil,alpha-methyltryptamine,cholecystokinin,spt
nabumetone,bimatoprost,yohimbine,atl1102,gsk-923295,butyrfentanyl,heroin,rilpivirine,aminosalicylic
ketorolac,tiagabine,bezafibrate,agro100,imc-1c11,lofentanil,"3,4-methylenedioxymethamphetamine",crizotinib,cck4
picrotoxin,cocaine,colchicine,psn9301,vx-148,mirfentanil,5-androstenedione,ulipristal,beano
enoxacin,quinidine,drospirenone,imexon,svv-001,4-fluorofentanyl,bezitramide,fingolimod,18559-94-9
quinine,zonisamide,digitoxin,xl647,sertindole,phenaridine,fencamfamine,tesamorelin,im
tenoxicam,paricalcitol,salsalate,sgs742,sulfathiazole,r-30490,ethylmorphine,eribulin,sulfonylurea
dronabinol,tinidazole,neostigmine,eg004,mianserin,thienylfentanyl,delta1-dihydrotestosterone,boceprevir,atracurium/vecuronium
montelukast,repaglinide,methotrimeprazine,xen2174,teicoplanin,trefentanil,barbital,fidaxomicin,beta-end
fluoxetine,anileridine,ginseng,xl999,sulfadimethoxine,benzylfentanyl,4-hydroxytestosterone,cabozantinib,atrial
hexylcaine,phenformin,temafloxacin,belinostat,acetylcysteine,dasabuvir,cathine,ruxolitinib,anti-arrhythmia
methohexital,amantadine,danazol,ataluren,rimonabant,edivoxetine,dimethyltryptamine,aminopterin,ddp
chlordiazepoxide,metronidazole,clenbuterol,migalastat,canakinumab,viloxazine,camazepam,belimumab,nadifloxacin
duloxetine,dinoprostone,bambuterol,ana380,romidepsin,nisoxetine,aminorex,teriflunomide,5-azadeoxycitidine
chlorpromazine,almotriptan,tiotropium,emz702,ipilimumab,lortalamine,ethylestrenol,vemurafenib,winstrol
rimantadine,spectinomycin,ciclesonide,amonafide,solabegron,talopram,dichloralphenazone,linagliptin,123
amikacin,ketotifen,pranlukast,atl1101,pixantrone,tandamine,etorphine,perampanel,ibopamine
lenalidomide,buprenorphine,theobromine,cta018,icatibant,etoperidone,difenoxin,aflibercept,doses
raloxifene,levosimendan,cefepime,arimoclomol,rufinamide,mepiprazole,"3,4-methylenedioxyamphetamine",ocriplasmin,mitomycin-c
celecoxib,ceforanide,ceftibuten,apd125,alogliptin,lobeglitazone,delorazepam,carfilzomib,peroxidase
brimonidine,cyclobenzaprine,cefpodoxime,dg041,tapentadol,rivoglitazone,benzoylecgonine,linaclotide,sulfonylurea
dicloxacillin,phenoxybenzamine,acenocoumarol,microplasmin,sugammadex,ciglitazone,tenocyclidine,arbaclofen,analgesic
nabilone,etretinate,antrafenine,duramycin,silodosin,cirazoline,androstenediol,mirabegron,1.25
pefloxacin,famotidine,paromomycin,xl880,prasugrel,synephrine,dextromoramide,peginesatide,dialyzable
altretamine,azacitidine,nitroxoline,xp19986,eltrombopag,arotinolol,carfentanil,tofacitinib,derivative
sotalol,misoprostol,aminophenazone,rev131,doripenem,moxisylyte,4-androstenedione,regorafenib,angii
buspirone,colesevelam,alizapride,ularitide,tolvaptan,trimazosin,boldenone,aclidinium,agitation
miglitol,methacycline,ajmaline,kb2115,regadenoson,pegloticase,flunitrazepam,glucarpidase,cleft
fosinopril,tipranavir,amrinone,grn163l,asenapine,pholcodine,diprenorphine,enzalutamide,outlasted
cefotaxime,mesoridazine,oxybenzone,at7519,lacosamide,piracetam,fenproporex,teduglutide,0.25
entacapone,maprotiline,aprindine,anatibant,dalbavancin,limaprost,dihydrocodeine,ponatinib,sexual