lepirudin,zidovudine,oxymetazoline,almitrine,indacaterol,rivaroxaban,loxoprofen,gemcitabine,cycle-phase
cetuximab,darifenacin,diethylpropion,allylestrenol,rp101,avanafil,dexibuprofen,entecavir,easiest
etanercept,oxycodone,salmeterol,cholestyramine,tm30338,eflornithine,dexketoprofen,betamethasone,every
bivalirudin,phenindione,methantheline,19-norandrostenedione,cx717,hexaminolevulinate,droxicam,teniposide,causative
leuprolide,flutamide,zalcitabine,antipyrine,ddp733,droxidopa,firocoxib,epirubicin,instead
alteplase,tolmetin,demecarium,alfacalcidol,bzl101,amrubicin,clonixin,chloramphenicol,nationwide
urokinase,cimetidine,phenprocoumon,glutethimide,mf101,udenafil,nicorandil,loracarbef,summation
goserelin,haloperidol,fulvestrant,phenazopyridine,an0128,sitaxentan,polaprezinc,lansoprazole,germline
reteplase,ritonavir,mezlocillin,"5-methoxy-n,n-diisopropyltryptamine",erdosteine,sulodexide,blonanserin,dipivefrin,dated
erythropoietin,levallorphan,felbamate,mmda,ily101,tocilizumab,melperone,droperidol,undermined
pegfilgrastim,tridihexethyl,fexofenadine,alpha-methyltryptamine,r1626,alvimopan,zotepine,levothyroxine,ans
sargramostim,nitazoxanide,isoniazid,heroin,gft14,levocetirizine,barnidipine,framycetin,months
secretin,triflupromazine,naratriptan,"3,4-methylenedioxymethamphetamine",mitoquinone,ziconotide,aranidipine,clomocycline,define
asparaginase,dextrothyroxine,rizatriptan,5-androstenedione,incb13739,teriparatide,azelnidipine,pethidine,banned
anakinra,acetyldigitoxin,dirithromycin,bezitramide,phx1149,temsirolimus,benidipine,loratadine,illuminated
anistreplase,vancomycin,netilmicin,fencamfamine,av411,amisulpride,cilnidipine,cefalotin,nation-wide
tenecteplase,dextromethorphan,hydrocodone,ethylmorphine,atg002,simeprevir,darodipine,prazosin,events
menotropins,cisplatin,norgestimate,delta1-dihydrotestosterone,adx10059,dapagliflozin,efonidipine,imipramine,adequacy
desmopressin,bentoquatam,carboplatin,barbital,av608,elotuzumab,lacidipine,acitretin,female/male
oprelvekin,albendazole,methylprednisolone,4-hydroxytestosterone,srt501,saxagliptin,levamlodipine,verteporfin,modes
palifermin,trandolapril,pindolol,cathine,tg100801,pertuzumab,manidipine,nabumetone,germinated
aldesleukin,caspofungin,mepivacaine,dimethyltryptamine,fenretinide,rilonacept,niguldipine,ketorolac,theories
omalizumab,carteolol,zaleplon,camazepam,hy10275,bazedoxifene,niludipine,picrotoxin,dilators
rasburicase,bentiromide,bromfenac,aminorex,obe101,telavancin,moxonidine,enoxacin,indicates
cetrorelix,alitretinoin,apraclonidine,ethylestrenol,arx201,ambrisentan,pirlindole,quinine,terminating
adalimumab,metolazone,telmisartan,dichloralphenazone,ba058,doxercalciferol,toloxatone,tenoxicam,anthelmintic
imiglucerase,tolnaftate,desloratadine,etorphine,ganaxolone,oxymetholone,iproclozide,dronabinol,average
abciximab,oxaliplatin,methyldopa,difenoxin,tetrathiomolybdate,armodafinil,pheniprazine,montelukast,appearance
pegaspargase,cinchocaine,alosetron,"3,4-methylenedioxyamphetamine",m0002,etravirine,caroxazone,fluoxetine,suggest
eptifibatide,lercanidipine,dactinomycin,delorazepam,cdp323,calfactant,dextran,hexylcaine,namely
infliximab,foscarnet,azelastine,benzoylecgonine,ax200,cethromycin,tegafur,methohexital,arbitrary
vasopressin,erlotinib,ezetimibe,tenocyclidine,mdv3100,tyloxapol,gimeracil,chlordiazepoxide,est
hyaluronidase,cyclophosphamide,dipyridamole,androstenediol,cimicoxib,cangrelor,bemiparin,duloxetine,friday
trastuzumab,mephenytoin,telithromycin,dextromoramide,ly2140023,prucalopride,reviparin,chlorpromazine,mist
rituximab,rofecoxib,lomefloxacin,carfentanil,labetuzumab,gaboxadol,parnaparin,rimantadine,ameliorating
basiliximab,chlormerodrin,cyclopentolate,4-androstenedione,leptin,bevirimat,certoparin,amikacin,obtain
muromonab,cefdinir,ramelteon,boldenone,ancrod,pazopanib,imidafenacin,lenalidomide,narrowed
daptomycin,guanidine,physostigmine,flunitrazepam,prinomastat,agomelatine,patiromer,raloxifene,closest
tositumomab,ciprofloxacin,isotretinoin,diprenorphine,matuzumab,panobinostat,idarucizumab,celecoxib,keys
pegvisomant,gadoversetamide,formoterol,fenproporex,ag7088,apixaban,lixisenatide,brimonidine,answered
pancrelipase,toremifene,dimenhydrinate,dihydrocodeine,asimadoline,mepolizumab,cimetropium,dicloxacillin,grows
streptokinase,nortriptyline,glycopyrronium,betameprodine,pleconaril,peramivir,eluxadoline,nabilone,immersed
alemtuzumab,vincristine,cytarabine,cloxazolam,ir208,bosutinib,doxofylline,pefloxacin,traveled
alglucerase,benazepril,dopamine,bromazepam,eht899,flupirtine,artesunate,altretamine,heather
capromab,amoxapine,rivastigmine,clotiazepam,trabectedin,axitinib,fimasartan,sotalol,practise
laronidase,fluorouracil,exemestane,cathinone,fontolizumab,isavuconazonium,lumacaftor,buspirone,musical
cyclosporine,pyridostigmine,oxaprozin,calusterone,ap5280,dalfampridine,molsidomine,miglitol,differentially
alefacept,adinazolam,azathioprine,dihydromorphine,105ad7,denosumab,trapidil,fosinopril,penile
felypressin,desoximetasone,neomycin,fludiazepam,nn344,ofatumumab,morniflumate,cefotaxime,sampled
urofollitropin,zafirlukast,auranofin,ohmefentanyl,nb1011,liraglutide,pipamperone,entacapone,rankin
efalizumab,propylthiouracil,gabapentin,3-methylfentanyl,rilapladib,pasireotide,propacetamol,stiripentol,essence
filgrastim,pentostatin,doxorubicin,attapulgite,1d09c3,golimumab,tianeptine,aurothioglucose,decelerations
becaplermin,methoxsalen,frovatriptan,kaolin,r1295,esmirtazapine,ramosetron,dienogest,habit-forming
octreotide,piroxicam,hydrochlorothiazide,dextroamphetamine,gemcabene,belatacept,rolapitant,medrogestone,cause
abarelix,lamotrigine,cyclacillin,methamphetamine,arc183,vilazodone,sacubitril,brexpiprazole,dispersible
oxytocin,perflutren,salbutamol,metrizamide,pym50018,laquinimod,talniflumate,copper,loops
natalizumab,hydroxyzine,levobupivacaine,phendimetrazine,ana971,sipuleucel-t,ombitasvir,ioversol,headphones
enfuvirtide,zanamivir,ganciclovir,oxprenolol,elsamitrucin,mepyramine,paritaprevir,ioxilan,animal-derived
palivizumab,bosentan,hydroxyurea,sulfamethazine,ttp889,aprotinin,alirocumab,oxygen,helper
daclizumab,tigecycline,letrozole,liotrix,nd1251,mevastatin,evolocumab,sincalide,cancelling
bevacizumab,doxapram,tioconazole,thyroglobulin,vp025,xylometazoline,setiptiline,sonidegib,deflation
cyanocobalamin,benzthiazide,busulfan,ketazolam,cnf1010,arbekacin,aptazapine,water,validity
l-histidine,methotrexate,ketoprofen,prazepam,bavituximab,artemether,oxaprotiline,nitrogen,encountering
s-adenosylmethionine,carbamazepine,edrophonium,quazepam,lobeline,betahistine,solithromycin,helium,ranked
l-phenylalanine,succimer,metyrapone,everolimus,adpedf,degarelix,kitasamycin,iopromide,summer
biotin,cephalexin,cinacalcet,solifenacin,cr002,desvenlafaxine,xenon-133,etizolam,emerging
choline,cinnarizine,balsalazide,iron,rav12,dexmethylphenidate,sulbactam,dosulepin,particularly
l-lysine,vinblastine,sulfamethoxazole,zinc,ly2181308,fesoterodine,tegafur-uracil,4-phenylfentanyl,assertiveness
l-arginine,propranolol,glyburide,cinolazepam,nd7001,gadobutrol,vayarin,3-allylfentanyl,targeting
spermine,atropine,minocycline,nitrazepam,oxi-4503,iobenguane,osimertinib,brifentanil,favors
l-ornithine,fenoprofen,guanfacine,cilastatin,xl820,isometheptene,daratumumab,butyrfentanyl,perfect
l-glutamine,fenfluramine,bethanechol,imipenem,cyt997,levonordefrin,alatrofloxacin,lofentanil,realised
l-serine,clonidine,trichlormethiazide,probucol,cg0070,lumefantrine,tipiracil,mirfentanil,narrowband
l-methionine,sulfamethizole,phylloquinone,lopinavir,xl844,methacholine,beta-propiolactone,4-fluorofentanyl,claudicant
l-tyrosine,valaciclovir,felodipine,bacampicillin,cad106,methyltestosterone,levobetaxolol,phenaridine,down-stream
calcitriol,carbenicillin,amlexanox,meticillin,tst10088,naphazoline,dexpanthenol,r-30490,loosened
xanthophyll,mazindol,ketoconazole,pivampicillin,ngx267,nilvadipine,norgestrel,thienylfentanyl,sensitivity
l-cystine,valdecoxib,methoxyflurane,pivmecillinam,xl184,norelgestromin,protirelin,trefentanil,savings
riboflavin,lactulose,irbesartan,tazobactam,cr665,propylhexedrine,enalaprilat,benzylfentanyl,normalising
n-acetyl-d-glucosamine,voriconazole,topotecan,ticarcillin,sl017,fospropofol,acrivastine,dasabuvir,warns
glutathione,l-carnitine,ethinamate,propericiazine,kc706,fosaprepitant,hydroquinone,edivoxetine,bedrooms
glycine,enalapril,probenecid,deferasirox,pm02734,stanozolol,necitumumab,viloxazine,unavailable
calcidiol,nizatidine,mercaptopurine,valganciclovir,ccx915,buserelin,ixazomib,nisoxetine,shallow
pyridoxal,diclofenac,cerulenin,hydroxychloroquine,prx302,lornoxicam,petrolatum,lortalamine,fills
creatine,cinalukast,procainamide,acepromazine,elafin,bufuralol,pyroglutamate,talopram,selection
l-leucine,lisuride,tolterodine,alverine,ly2275796,sparteine,selexipag,tandamine,immigrants
l-tryptophan,doxazosin,selegiline,molindone,pdpsc18,aniline,alectinib,etoperidone,popularity
l-cysteine,piperazine,carphenazine,phenindamine,ec145,sulfaphenazole,pidotimod,mepiprazole,only
thiamine,ethosuximide,fenofibrate,pheniramine,at9283,gestodene,roquinimex,lobeglitazone,essential
ergocalciferol,amiloride,thalidomide,pipotiazine,benzimate,seproxetine,cefroxadine,rivoglitazone,misleading
l-citrulline,oxytetracycline,melphalan,thioproperazine,e2012,zaltoprofen,sarafloxacin,ciglitazone,mismatch
l-threonine,ulobetasol,memantine,thiothixene,ptc299,ketobemidone,toluene,cirazoline,graphs
nadh,gadoteridol,gatifloxacin,zuclopenthixol,cmx001,gavestinel,lesinurad,synephrine,humidified
icosapent,labetalol,rifampicin,isopropamide,dg051,ambroxol,bicuculline,arotinolol,band
l-alanine,thiopental,lubiprostone,pargyline,lx6171,drotaverine,ixekizumab,moxisylyte,reassess
l-valine,monobenzone,fluocinonide,lincomycin,as1409,manganese,elbasvir,trimazosin,defective
pyridoxine,linezolid,abacavir,etoricoxib,mln0415,sacrosidase,grazoprevir,pegloticase,separating
l-isoleucine,ivermectin,ibuprofen,5-fluorouridine,xl228,beractant,venetoclax,pholcodine,beverage
aspartame,cisapride,novobiocin,sorbitol,tro19622,tetryzoline,thiocolchicoside,piracetam,suggestive
cholecalciferol,sulindac,benzylpenicillin,genistein,sq109,alcaftadine,thimerosal,limaprost,suites
menadione,cyclothiazide,nitrendipine,roflumilast,gft505,apomorphine,bilastine,aprobarbital,mird
l-proline,nafcillin,mimosine,rutin,kd3010,paroxetine,nitrocefin,heptabarbital,offense
adenine,chloroquine,tocainide,dehydroepiandrosterone,xl281,nedocromil,domiphen,hexobarbital,real
l-asparagine,ethionamide,echothiophate,camphor,mb07811,norethisterone,atezolizumab,lithium,recommends
pravastatin,metaraminol,praziquantel,dalfopristin,r7128,azatadine,levoleucovorin,mestranol,amine
fluvoxamine,butorphanol,norfloxacin,dihydroxyacetone,acr325,clodronate,beeswax,penbutolol,accessory
valsartan,bisoprolol,amoxicillin,piclamilast,sofalcone,procaine,myrrh,troleandomycin,insufficient
ramipril,amodiaquine,azlocillin,"1,2-propanediol",cyc116,lisinopril,lifitegrast,iohexol,crowding
masoprocol,furazolidone,oxybutynin,benzophenone,lx1031,methoxamine,zorubicin,ephedra,asserted
flunisolide,rifabutin,isoprenaline,hyperforin,at2220,imiquimod,gestrinone,ephedrine,appeal
baclofen,candoxatril,melatonin,putrescine,v24343,trimipramine,candoxatrilat,mephentermine,accident
amphetamine,paramethadione,cefditoren,pentanal,arc1779,nitroglycerin,lepirudin,procaterol,headspace
pentagastrin,demeclocycline,glipizide,rolipram,cx157,rocuronium,cetuximab,rasagiline,polarizable
nicotine,imatinib,clonazepam,staurosporine,ps433540,thiabendazole,etanercept,quinupristin,receipt
cevimeline,triamcinolone,promethazine,swainsonine,sf1126,nateglinide,bivalirudin,aluminium,suitability
lorazepam,oxandrolone,dihydrotachysterol,cyclohexanone,ac220,pralidoxime,leuprolide,calcium,closeness
esmolol,nicardipine,mequitazine,cellobiose,kd7040,risperidone,alteplase,magnesium,realized
bortezomib,fluphenazine,atazanavir,isatin,mp470,naftifine,urokinase,glycodiazine,defense
ethchlorvynol,testosterone,fludarabine,xanthine,gmx1777,esomeprazole,goserelin,paramethasone,incremental
carbidopa,efavirenz,perhexiline,propidium,pn0621,meclizine,reteplase,mibefradil,negligibly
phentermine,bacitracin,diphenhydramine,equilin,an2728,pentamidine,erythropoietin,yohimbine,anaritide
indecainide,niacin,atorvastatin,2'-deoxyuridine,mln8237,hetacillin,pegfilgrastim,bezafibrate,pole
tramadol,clorazepate,deslanoside,glyceraldehyde-3-phosphate,kb001,riluzole,sargramostim,colchicine,served
vidarabine,guanabenz,tegaserod,porphobilinogen,sb939,hydrocortisone,secretin,drospirenone,partly
betaxolol,clofarabine,vigabatrin,calcipotriol,rep8839,mannitol,asparaginase,digitoxin,dilated
fluconazole,docosanol,diphenoxylate,carbenoxolone,am103,zileuton,anakinra,salsalate,aracmp
troglitazone,dexmedetomidine,streptomycin,2-methoxyestradiol,apd791,modafinil,anistreplase,neostigmine,defensive
oseltamivir,sulfacetamide,orlistat,selenocysteine,rdea806,deferoxamine,tenecteplase,methotrimeprazine,mirrored
erythromycin,prednisone,emedastine,tolrestat,beraprost,scopolamine,menotropins,ginseng,planned
hydroxocobalamin,clofibrate,pilocarpine,farnesol,ac3056,carbinoxamine,desmopressin,temafloxacin,official
caffeine,astemizole,benzocaine,thymol,tetrodotoxin,etodolac,oprelvekin,danazol,necessitating
succinylcholine,inulin,primaquine,vorinostat,nrp409,prilocaine,palifermin,clenbuterol,crowded
sildenafil,butoconazole,iloprost,d-phenylalanine,ren001,epinastine,aldesleukin,bambuterol,technician
dofetilide,adenosine,pentolinium,colforsin,rhmbl,tranylcypromine,omalizumab,tiotropium,checks
pyrimethamine,simvastatin,butenafine,terlipressin,plx4032,isoflurane,rasburicase,ciclesonide,unpaired
reserpine,pemetrexed,ouabain,cyanamide,cobimetinib,ethotoin,cetrorelix,pranlukast,habitat
azithromycin,mebendazole,hesperetin,nicotinamide,xl147,tretinoin,adalimumab,theobromine,poverty
ticlopidine,gonadorelin,fluvastatin,resveratrol,xl765,hexachlorophene,imiglucerase,cefepime,losing
trospium,dyclonine,oxamniquine,sucrose,eirna,dolasetron,abciximab,ceftibuten,ever-treated
adapalene,nystatin,leflunomide,pregnenolone,xl019,clopidogrel,pegaspargase,cefpodoxime,employs
midodrine,dextropropoxyphene,rosuvastatin,d-proline,g4544,tetracycline,eptifibatide,acenocoumarol,defects
remikiren,mitotane,flucytosine,guanosine,methsuximide,meropenem,infliximab,antrafenine,serve
pantoprazole,stavudine,pimozide,3-amino-5-phenylpentane,vrx496,irinotecan,vasopressin,paromomycin,maturing
torasemide,leucovorin,capecitabine,ttnpb,acclaim,methimazole,hyaluronidase,nitroxoline,supervised
citalopram,dyphylline,arbutamine,methylthioinosine,proellex,mometasone,trastuzumab,aminophenazone,zone
eletriptan,pentazocine,quinacrine,dihydrotestosterone,plasmin,metyrosine,rituximab,alizapride,grower
bethanidine,latanoprost,sertraline,oxitriptan,neocartilage,clavulanate,basiliximab,ajmaline,increases
moxifloxacin,estrone,sibutramine,l-rhamnose,oxypurinol,benzquinamide,muromonab,amrinone,unaware
oxyphenonium,trazodone,levocabastine,n-ethylmaleimide,caprospinol,olopatadine,daptomycin,oxybenzone,lift
nelfinavir,mecamylamine,methyprylon,methyltrienolone,ecabet,alprostadil,tositumomab,aprindine,crushed
glimepiride,sevelamer,trilostane,malonaldehyde,ibudilast,clidinium,pegvisomant,lesopitron,reasoning
diflorasone,acamprosate,heparin,myo-inositol,ast-120,malathion,pancrelipase,canfosfamide,monitoring
indinavir,metaxalone,miconazole,beta-alanine,rotigotine,etoposide,streptokinase,lerafaon,emergently
gadodiamide,verapamil,colistimethate,acetylcholine,mcc,hydroflumethiazide,alemtuzumab,banoxantrone,poisons
guanadrel,trimethobenzamide,cefuroxime,sphingosine,ca4p,tirofiban,alglucerase,plitidepsin,definitive
lovastatin,flumethasone,papaverine,oteracil,mpc-7869,oxcarbazepine,capromab,sp1049c,generation
enflurane,sulfametopyrazine,chlorphenamine,phenol,idm-2,propiomazine,laronidase,avr118,combine
cefotiam,nilutamide,nifedipine,maltose,vandetanib,roxithromycin,cyclosporine,lemuteporfin,annua
pregabalin,nafarelin,trimethaphan,hemin,eldecalcitol,phenelzine,alefacept,cg7870,half-lives
temazepam,epinephrine,atovaquone,ubenimex,dha-paclitaxel,propantheline,felypressin,talampanel,fridays
methyclothiazide,sumatriptan,amiodarone,cardiolipin,pti-801,estradiol,urofollitropin,denufosol,annual
reboxetine,pirenzepine,diazoxide,"3-methyl-benzene-1,2-diol",lax-101,cryptenamine,efalizumab,pck3145,barium
milrinone,cefixime,gliclazide,flavopiridol,wx-g250,marimastat,filgrastim,zyc300,technologically
pipobroman,chlorpropamide,phenacemide,equilenin,ecallantide,aciclovir,becaplermin,p113d,moisturizers
butabarbital,aprepitant,ambenonium,eniluracil,mp4,naproxen,octreotide,ign311,normalization
nevirapine,galantamine,proflavine,spermidine,dn-101,perindopril,abarelix,ty800,incessant
oxiconazole,tamoxifen,tolbutamide,phencyclidine,mc-1,tripelennamine,oxytocin,xl784,night-to-day
alclometasone,isoflurophate,anisindione,glucose-6-phosphate,pimavanserin,haloprogin,zidovudine,ap5346,datatop
butalbital,losartan,dutasteride,oxyphenbutazone,ngx-4010,primidone,darifenacin,at1022,eastern
cladribine,thioridazine,econazole,diminazene,peg-uricase,sulfasalazine,oxycodone,satraplatin,circumstances
ranolazine,moricizine,bicalutamide,ribostamycin,inkp-102,candesartan,phenindione,atl1102,acceptably
mesalazine,warfarin,rabeprazole,butylamine,as-3201,tolazoline,flutamide,agro100,boosts
ziprasidone,midazolam,prednicarbate,cyclohexanol,vgv-1,gentamicin,tolmetin,psn9301,coastal
methysergide,tobramycin,proguanil,tris,mdx-1379,tazarotene,cimetidine,imexon,emergent
cabergoline,trovafloxacin,pioglitazone,phenacetin,altu-135,fenoldopam,haloperidol,xl647,night-shift
idoxuridine,fludrocortisone,tiludronate,formaldehyde,romiplostim,halazepam,ritonavir,sgs742,differentiated
dapsone,flurazepam,carvedilol,cilomilast,tc-5231,alfentanil,levallorphan,eg004,beef-pork
terconazole,moexipril,levofloxacin,eucalyptol,mn-305,colistin,tridihexethyl,xen2174,undermining
phenytoin,phentolamine,sulfinpyrazone,biopterin,c1-inh,dicyclomine,nitazoxanide,xl999,arachnoiditis
medrysone,fluorescein,cefapirin,urea,sp-01a,minaprine,triflupromazine,belinostat,night-time
doxycycline,daunorubicin,cefadroxil,d-serine,ono-2506,pentoxifylline,dextrothyroxine,ataluren,deflamol
diethylstilbestrol,furosemide,micafungin,phosphocholine,nt-501,proparacaine,acetyldigitoxin,migalastat,shadow
lymecycline,ergotamine,doxepin,ethanolamine,wl-1002,indapamide,vancomycin,ana380,apas
clotrimazole,tizanidine,amifostine,d-arginine,tak-390mr,tropicamide,dextromethorphan,emz702,targetting
sulfanilamide,nitrofurantoin,diphenylpyraline,ergosterol,eur-1008,biperiden,cisplatin,amonafide,incorrect
cycloserine,nicergoline,cloxacillin,hypoxanthine,tak-491,ribavirin,bentoquatam,atl1101,immigrant
anagrelide,eplerenone,flavoxate,glycerol,vec-162,phenylbutazone,albendazole,cta018,memory-enhancing
carmustine,amprenavir,nefazodone,berberine,kw-3902,fentanyl,trandolapril,arimoclomol,suggestions
sulfisoxazole,icodextrin,cefprozil,quercetin,actelion-1,meloxicam,caspofungin,apd125,receive
metoprolol,methazolamide,desipramine,geneticin,hzt-501,orciprenaline,carteolol,dg041,habit
crotamiton,naltrexone,candicidin,inosine,acr-16,rosoxacin,bentiromide,microplasmin,washed
dicoumarol,delavirdine,sertaconazole,carbocisteine,cdx-110,propofol,alitretinoin,duramycin,ascent
cefmenoxime,tamsulosin,thiamylal,arecoline,max-002,acetazolamide,metolazone,xl880,health
ropinirole,porfimer,gemifloxacin,3-fluorotyrosine,k101,tadalafil,tolnaftate,xp19986,possible
chlorotrianisene,sufentanil,bupropion,lactose,ae-941,carprofen,oxaliplatin,rev131,apache
isradipine,lamivudine,trimetrexate,afimoxifene,wf10,disulfiram,cinchocaine,ularitide,practices
diatrizoate,ibandronate,bretylium,deoxythymidine,ai-700,enprofylline,lercanidipine,kb2115,theatre
betazole,diethylcarbamazine,halothane,"2,4-dinitrophenol",nov-002,menthol,foscarnet,grn163l,tracing
topiramate,flurbiprofen,chloroprocaine,cholesterol,c31g,natamycin,erlotinib,at7519,decelerated
cefmetazole,oxacillin,terazosin,cytidine-5'-diphosphate,agi-1067,cinoxacin,cyclophosphamide,anatibant,definitions
olmesartan,apomorphine,amdinocillin,gluconolactone,qs-21,raxibacumab,mephenytoin,quinapril,penn
amsacrine,paroxetine,ofloxacin,latamoxef,me-609,bedaquiline,rofecoxib,clomifene,dangers
theophylline,nedocromil,cilostazol,trioxsalen,cep-1347,formestane,chlormerodrin,risedronate,unplanned
argatroban,norethisterone,itraconazole,thiotepa,gti-2501,canagliflozin,cefdinir,pemirolast,chambers
liothyronine,azatadine,procarbazine,estriol,idn-6556,pomalidomide,guanidine,omapatrilat,displace
disopyramide,clodronate,guanethidine,quinestrol,scio-469,trametinib,ciprofloxacin,bumetanide,lifecycle
lidocaine,procaine,moclobemide,fleroxacin,t-1249,dabrafenib,gadoversetamide,mechlorethamine,pant
pamidronate,lisinopril,kanamycin,aniracetam,era-923,aleglitazar,toremifene,granisetron,damages
clemastine,methoxamine,orphenadrine,cycloleucine,osi-461,afatinib,nortriptyline,dienestrol,interviewing
acarbose,imiquimod,phenobarbital,apramycin,ci-1033,levomilnacipran,vincristine,sulfapyridine,asleep
venlafaxine,trimipramine,escitalopram,aldosterone,vlts-589,perospirone,benazepril,oxybuprocaine,background
travoprost,nitroglycerin,cyclizine,camptothecin,rglp-1,adrafinil,amoxapine,testolactone,raters
amcinonide,rocuronium,idarubicin,gamma-butyrolactone,abt-510,amperozide,fluorouracil,rimexolone,melts
atomoxetine,thiabendazole,chlormezanone,iodipamide,tnx-355,mk-8931,pyridostigmine,triazolam,illustrations
bleomycin,nateglinide,podofilox,licofelone,idm-4,dolutegravir,adinazolam,ethanol,ease
chlorambucil,pralidoxime,rescinnamine,nimesulide,idd-1,riociguat,desoximetasone,remifentanil,ensued
etomidate,risperidone,ifosfamide,sulfatide,brx-235,macitentan,zafirlukast,didanosine,visually
raltitrexed,naftifine,propafenone,suramin,ta-nic,luliconazole,propylthiouracil,bitolterol,analyses
etonogestrel,esomeprazole,naloxone,tanaproget,avi-4557,sofosbuvir,pentostatin,methdilazine,monitor
morphine,meclizine,domperidone,tagetitoxin,px-12,obinutuzumab,methoxsalen,ondansetron,circumscribed
ropivacaine,pentamidine,fluoxymesterone,5-methyltetrahydrofolate,fm-vp4,chlorcyclizine,piroxicam,bimatoprost,indices
bupivacaine,hetacillin,pergolide,bifonazole,ph-284,tas-102,lamotrigine,tiagabine,chang
dapiprazole,riluzole,iophendylate,thenoyltrifluoroacetone,etc-588,magaldrate,perflutren,cocaine,terminate
penciclovir,hydrocortisone,ciclopirox,benoxaprofen,osi-7904l,letosteine,hydroxyzine,quinidine,dedicated
tenofovir,mannitol,desflurane,bithionol,abt-089,isoxsuprine,zanamivir,zonisamide,eastman
flucloxacillin,zileuton,clindamycin,clioquinol,briakinumab,isoxicam,bosentan,paricalcitol,vaccinate
ertapenem,modafinil,dexfenfluramine,metamizole,tlk-199,isoconazole,tigecycline,tinidazole,thousands
desogestrel,deferoxamine,oxymorphone,methapyrilene,opc-28326,isoaminile,doxapram,repaglinide,visualizing
mitomycin,scopolamine,acebutolol,nialamide,131-i-tm-601,iopamidol,benzthiazide,anileridine,leaving
talbutal,carbinoxamine,brinzolamide,nomifensine,nox-700,iodamide,methotrexate,phenformin,twin
bexarotene,etodolac,flecainide,phenolphthalein,r667,indoramin,carbamazepine,amantadine,thirteen
ibutilide,prilocaine,estramustine,prenylamine,r411,indoprofen,succimer,metronidazole,dating
vindesine,epinastine,captopril,zomepirac,vx-702,indenolol,cephalexin,dinoprostone,generalizing
chlorthalidone,tranylcypromine,zopiclone,buformin,sgn-30,indalpine,cinnarizine,almotriptan,dispersed
pentobarbital,isoflurane,tubocurarine,ticrynafen,scv-07,ifenprodil,vinblastine,spectinomycin,grape
capreomycin,ethotoin,bromocriptine,zimelidine,wx-uk1,hydroxydione,propranolol,ketotifen,offered
zolmitriptan,tretinoin,rifapentine,methaqualone,pbi-1402,hexoprenaline,atropine,buprenorphine,givers
acetaminophen,hexachlorophene,levetiracetam,rapacuronium,le-sn38,hexetidine,fenoprofen,levosimendan,popular
gefitinib,dolasetron,nadolol,maraviroc,pcl-016,hexamethonium,fenfluramine,ceforanide,targets
codeine,clopidogrel,mitoxantrone,amineptine,adh-1,azosemide,clonidine,cyclobenzaprine,positions
piperacillin,tetracycline,flumazenil,cyclandelate,cc-8490,glibornuride,sulfamethizole,phenoxybenzamine,subjected
dihydroergotamine,meropenem,lomustine,debrisoquin,t131,gemeprost,valaciclovir,etretinate,placed
amitriptyline,irinotecan,ridogrel,flunarizine,atn-161,fusafungine,carbenicillin,famotidine,suggests
floxuridine,methimazole,sparfloxacin,fluspirilene,nx-1207,fursultiamine,mazindol,azacitidine,crowns
tolcapone,mometasone,dezocine,mepenzolate,cp-4055,fominoben,valdecoxib,misoprostol,fundal
fluorometholone,metyrosine,levobunolol,tetrabenazine,pg-530742,fluprednidene,lactulose,colesevelam,minutes
nitroprusside,clavulanate,clarithromycin,ixabepilone,trx4,fluocortolone,voriconazole,methacycline,needs
hydromorphone,benzquinamide,ceftriaxone,celiprolol,kw-7158,flumequine,l-carnitine,tipranavir,accepted
indomethacin,olopatadine,fomepizole,fg-4592,amd-070,flubendazole,enalapril,mesoridazine,sugars
ethambutol,alprostadil,metipranolol,azd2171,ag-858,floctafenine,oxymetazoline,maprotiline,grapes
metformin,clidinium,estazolam,binodenoson,nm-702,fibrinolysin,diethylpropion,ls11,instigating
methadone,malathion,finasteride,febuxostat,vx-765,fentonium,salmeterol,eco-4601,albidus
olanzapine,etoposide,anastrozole,dronedarone,pti-901,fenspiride,methantheline,chir-258,dispersing
atenolol,hydroflumethiazide,halofantrine,dexloxiglumide,huperzine-a,fendiline,zalcitabine,gpi-0100,well-accepted
pimecrolimus,tirofiban,dantrolene,brasofensine,mm-093,fenbufen,demecarium,eteplirsen,dribbling
omeprazole,oxcarbazepine,rifaximin,tirapazamine,telaprevir,etofibrate,phenprocoumon,cariprazine,largest
pyrazinamide,propiomazine,ketamine,isatoribine,mipomersen,etofenamate,fulvestrant,pa-1050040,germinomas
metixene,roxithromycin,budesonide,nebivolol,ramucirumab,etilefrine,mezlocillin,zen-012,centrally
cetirizine,phenelzine,aminophylline,merimepodib,farletuzumab,etifoxine,felbamate,olaratumab,melting
terfenadine,propantheline,quetiapine,lefradafiban,ot-551,etidocaine,fexofenadine,azd-8330,cascade
diltiazem,estradiol,enoxaparin,halofuginone,mgcd-0103,ethoheptazine,isoniazid,kai-1455,illustrated
protriptyline,cryptenamine,mivacurium,lintitript,vtp-201227,eprazinone,naratriptan,ard-07,suite
alfuzosin,marimastat,encainide,nilotinib,zk-epothilone,eperisone,rizatriptan,xmt-1001,balanced-placebo
trimethadione,aciclovir,paclitaxel,olcegepant,td-5108,enviomycin,dirithromycin,snx-5422,biscuits
nitisinone,naproxen,pemoline,lorcaserin,tzp-101,ditazole,netilmicin,dts-201,encouragement
clobazam,perindopril,diphenidol,osanetant,sch-503034,diosmin,hydrocodone,cts-21166,behavior
minoxidil,tripelennamine,saquinavir,piboserod,ac-100,dexetimide,norgestimate,lumateperone,minus
tioguanine,haloprogin,metoclopramide,picoplatin,ep-2104r,cyclopentamine,carboplatin,abt-869,evenly
methylergometrine,primidone,dexamethasone,pralnacasan,apremilast,cyamemazine,methylprednisolone,ica-105665,terminated
buclizine,sulfasalazine,levodopa,vildagliptin,ustekinumab,barbexaclone,pindolol,nxn-188,defines
aztreonam,candesartan,sevoflurane,voacamine,fx06,clocapramine,mepivacaine,gsk-923295,heal
chlorzoxazone,tolazoline,bromodiphenhydramine,voglibose,bl-1020,clobutinol,zaleplon,imc-1c11,mixtard
aminoglutethimide,gentamicin,aripiprazole,vatalanib,crx-119,clinofibrate,bromfenac,vx-148,packaging
mefloquine,tazarotene,chlorprothixene,enoximone,als-08,cephaloridine,apraclonidine,svv-001,figurate
sulfadiazine,fenoldopam,epoprostenol,elacridar,gts-21,articaine,telmisartan,sertindole,modestly
sapropterin,halazepam,gemfibrozil,edotecarin,genz-112638,carmofur,desloratadine,sulfathiazole,emphasise
vinorelbine,alfentanil,clomipramine,darusentan,maxy-g34,beclamide,methyldopa,mianserin,emotive
anidulafungin,colistin,chloroxine,dapoxetine,elesclomol,carbazochrome,alosetron,teicoplanin,handled
clozapine,dicyclomine,bepridil,cilansetron,cgc-11047,befunolol,dactinomycin,sulfadimethoxine,summed
sucralfate,minaprine,decamethonium,brecanavir,pmi-001,butriptyline,azelastine,acetylcysteine,likelihood
grepafloxacin,pentoxifylline,alimemazine,bifeprunox,cyt006-angqb,brotizolam,ezetimibe,rimonabant,moisture
doxylamine,proparacaine,isocarboxazid,bicifadine,rpi-78m,bromopride,dipyridamole,canakinumab,bedroom
levonorgestrel,indapamide,docetaxel,bepotastine,map-0004,bromhexine,telithromycin,romidepsin,aniline
norepinephrine,tropicamide,iodixanol,becocalcidiol,chr-2797,bisacodyl,lomefloxacin,ipilimumab,painting
cidofovir,biperiden,olsalazine,phenserine,pf-03187207,benzoctamine,cyclopentolate,solabegron,inception
mirtazapine,ribavirin,gliquidone,azd3409,nb-002,benfluorex,ramelteon,pixantrone,believed
meprobamate,phenylbutazone,mitiglinide,vapreotide,ave-1625,benactyzine,physostigmine,icatibant,centralized
thiethylperazine,fentanyl,ergonovine,pegaptanib,vsf-173,aliskiren,isotretinoin,rufinamide,noting
timolol,meloxicam,dasatinib,milnacipran,bf-37,ledipasvir,formoterol,alogliptin,validates
treprostinil,orciprenaline,lisdexamfetamine,lucinactant,pac-113,cytisine,dimenhydrinate,tapentadol,boosting
colestipol,rosoxacin,retapamulin,ximelagatran,dnb-001,secukinumab,glycopyrronium,sugammadex,safely
trihexyphenidyl,propofol,eculizumab,nesiritide,imc-a12,vorapaxar,cytarabine,silodosin,mattress
palonosetron,acetazolamide,lapatinib,thymalfasin,mk-0974,miltefosine,dopamine,prasugrel,migrates
dydrogesterone,tadalafil,desonide,galiximab,asf-1096,vedolizumab,rivastigmine,eltrombopag,combinational
mexiletine,carprofen,sitagliptin,azd6140,atx-201,suvorexant,exemestane,doripenem,figures
dexrazoxane,disulfiram,decitabine,pagoclone,acp-104,nivolumab,oxaprozin,tolvaptan,reach
amlodipine,enprofylline,posaconazole,amolimogene,hmpl-004,siltuximab,azathioprine,regadenoson,ever
tacrine,menthol,darunavir,tesmilifene,lcp-atorfen,pembrolizumab,neomycin,asenapine,mai
oxyphencyclimine,natamycin,telbivudine,isa247,imc-11f8,empagliflozin,auranofin,lacosamide,possibilities
triamterene,cinoxacin,sinecatechins,eg009,crx-401,eliglustat,gabapentin,dalbavancin,randomness
valrubicin,fosfomycin,paliperidone,flibanserin,ic41,efinaconazole,doxorubicin,bendamustine,school
alseroxylon,diazepam,sunitinib,sitamaquine,art-123,tavaborole,frovatriptan,besifloxacin,ramping
procyclidine,phenmetrazine,panitumumab,oxibendazole,atx-101,albiglutide,hydrochlorothiazide,cabazitaxel,establishes
phenylephrine,trifluoperazine,ranibizumab,oritavancin,ac-1202,dulaglutide,cyclacillin,capsaicin,identifications
carbimazole,cefaclor,idursulfase,stannsoporfin,mgi-114,metreleptin,salbutamol,dalteparin,guinea-pigs
digoxin,mifepristone,varenicline,g17dt,pro-542,finafloxacin,levobupivacaine,difluprednate,incidental
sulpiride,brompheniramine,arformoterol,phenoxodiol,tnx-901,netupitant,ganciclovir,dimercaprol,midwall
ethopropazine,loperamide,hydralazine,renzapride,nox-100,naloxegol,hydroxyurea,ganirelix,recognising
nimodipine,progabide,exenatide,ceftobiprole,pi-88,ceftolozane,letrozole,halcinonide,idea
carisoprodol,clocortolone,mecasermin,alfimeprase,abiraterone,blinatumomab,tioconazole,hexocyclium,adherence
progesterone,tolazamide,pramlintide,clevidipine,gpi-1485,ibrutinib,busulfan,histrelin,mission
phenylpropanolamine,dobutamine,galsulfase,mbp8298,sgn-15,idelalisib,ketoprofen,lanreotide,rearrangement
sorafenib,oxazepam,nelarabine,xp13512,nbi-6024,avibactam,edrophonium,lodoxamide,forum
griseofulvin,donepezil,abatacept,itopride,dp-b99,cannabidiol,metyrapone,mafenide,receives
nisoldipine,nalbuphine,carbetocin,desmoteplase,dp-vpa,ceritinib,cinacalcet,mangafodipir,closure
eszopiclone,clofazimine,lumiracoxib,neramexane,g207,cobicistat,balsalazide,methylnaltrexone,been
ceruletide,flurandrenolide,cosyntropin,dg031,ing-1,vortioxetine,sulfamethoxazole,nepafenac,warned
alprazolam,cysteamine,corticotropin,permethrin,osi-7836,trimetazidine,glyburide,niclosamide,tendency
dexbrompheniramine,levamisole,fenoterol,afamelanotide,ai-128,tibolone,minocycline,nonoxynol-9,partner
ardeparin,methylphenobarbital,glisoxepide,defibrotide,ai-850,tasimelteon,guanfacine,plerixafor,peacefulness
loxapine,perphenazine,pirbuterol,eritoran,nv-07a,palbociclib,bethanechol,plicamycin,greek
remoxipride,dacarbazine,bevantolol,rifalazil,mito-4509,olaparib,trichlormethiazide,polidocanol,recommend
mupirocin,pseudoephedrine,glucosamine,tagatose,clx-0921,edoxaban,phylloquinone,povidone-iodine,variants
carbachol,temozolomide,practolol,gv1001,rivanicline,umeclidinium,felodipine,pralatrexate,algogenic
rosiglitazone,levorphanol,sulfacytine,ospemifene,bi-k0376,dinutuximab,amlexanox,pyrvinium,melt
pramipexole,chlorphenesin,sulfadoxine,e7389,tasquinimod,lenvatinib,ketoconazole,raltegravir,alb
acetohexamide,terbinafine,oxtriphylline,crofelemer,isv-403,nintedanib,methoxyflurane,sulconazole,encourage
ampicillin,drostanolone,fosamprenavir,tamibarotene,trx1,olodaterol,irbesartan,tinzaparin,immersion
phenoxymethylpenicillin,penicillamine,fosphenytoin,lx201,ppi-2458,idebenone,topotecan,tiopronin,sector
secobarbital,prednisolone,josamycin,acadesine,vit-100,vilanterol,ethinamate,triethylenetetramine,parts
miglustat,diflunisal,polythiazide,iloperidone,cti-01,ivabradine,probenecid,triptorelin,obliterative
promazine,vardenafil,quinethazone,altropane,uc-781,benzydamine,mercaptopurine,viomycin,befunolol
spironolactone,ranitidine,cefamandole,lofexidine,pde4,tetracaine,cerulenin,anisomycin,illuminate
methylphenidate,tacrolimus,cefazolin,pexelizumab,pyy3-36,eugenol,procainamide,tranilast,pleasant
methocarbamol,benzphetamine,cefonicid,ranpirnase,ame-527,trimebutine,tolterodine,puromycin,cycles
hyoscyamine,alprenolol,cefoperazone,pirfenidone,abx-pth,pinaverium,selegiline,parecoxib,albino
zolpidem,ritodrine,cefotetan,ramoplanin,nv-18,tixocortol,carphenazine,triclosan,though
famciclovir,benzonatate,cefoxitin,ezogabine,cmc-544,xanthinol,fenofibrate,thiorphan,paralleled
triprolidine,dorzolamide,ceftizoxime,tecadenoson,vegf-as,chlortetracycline,thalidomide,diloxanide,obliterating
streptozocin,suprofen,cefradine,pumactant,hgs-tr2j,podophyllin,melphalan,azidocillin,poisson
cefpiramide,terbutaline,metocurine,afelimomab,sirna-027,difluocortolone,memantine,salicylamide,females
lindane,conivaptan,pancuronium,azimilide,rhigfbp-3,quinagolide,gatifloxacin,antazoline,ranking
trifluridine,loteprednol,pipecuronium,epratuzumab,cere-110,somatrem,rifampicin,chloropyramine,variably
prochlorperazine,guaifenesin,vecuronium,hspe7,kos-1584,somatostatin,lubiprostone,dimetindene,deliveries
cyproheptadine,flupentixol,cilazapril,tipifarnib,al-108,elvitegravir,fluocinonide,isothipendyl,drink
bendroflumethiazide,eprosartan,potassium,troxacitabine,als-357,daclatasvir,abacavir,metiamide,matures
allopurinol,sirolimus,saprisartan,rhgad65,ren-850,ancestim,ibuprofen,bopindolol,eases
ceftazidime,chlorhexidine,spirapril,oregovomab,osi-930,mesna,novobiocin,bupranolol,enrollment
cerivastatin,emtricitabine,tasosartan,lucanthone,myo-029,pentastarch,benzylpenicillin,cinitapride,friendliness
trimethoprim,chlorothiazide,amobarbital,ph94b,ct-011,paraldehyde,nitrendipine,tofisopam,bootstrap
gemcitabine,quinapril,aprobarbital,lesopitron,ls11,stiripentol,mimosine,nadroparin,graph
entecavir,clomifene,heptabarbital,canfosfamide,eco-4601,aurothioglucose,tocainide,triflusal,differentiation
betamethasone,risedronate,hexobarbital,lerafaon,chir-258,dienogest,echothiophate,lurasidone,picture
teniposide,pemirolast,lithium,banoxantrone,gpi-0100,medrogestone,praziquantel,ticagrelor,ninefold
epirubicin,omapatrilat,mestranol,plitidepsin,eteplirsen,brexpiprazole,norfloxacin,tafluprost,mie
chloramphenicol,bumetanide,penbutolol,sp1049c,cariprazine,copper,amoxicillin,ivacaftor,habitual
loracarbef,mechlorethamine,troleandomycin,avr118,pa-1050040,ioversol,azlocillin,spinosad,harbors
lansoprazole,granisetron,iohexol,lemuteporfin,zen-012,ioxilan,oxybutynin,deferiprone,catabolite
dipivefrin,dienestrol,ephedra,cg7870,olaratumab,oxygen,isoprenaline,lomitapide,techniques
droperidol,sulfapyridine,ephedrine,talampanel,azd-8330,sincalide,almitrine,vismodegib,healed
levothyroxine,oxybuprocaine,mephentermine,denufosol,kai-1455,sonidegib,allylestrenol,2-deoxyglucose,radically
framycetin,testolactone,procaterol,pck3145,ard-07,water,cholestyramine,temocapril,chapter
clomocycline,rimexolone,rasagiline,zyc300,xmt-1001,nitrogen,19-norandrostenedione,tetraethylammonium,belief
pethidine,triazolam,quinupristin,p113d,snx-5422,helium,antipyrine,agmatine,lifetable
loratadine,ethanol,aluminium,ign311,dts-201,iopromide,alfacalcidol,tyramine,female-male
cefalotin,remifentanil,calcium,ty800,cts-21166,etizolam,glutethimide,acetylcarnitine,germany
prazosin,didanosine,magnesium,xl784,lumateperone,dosulepin,phenazopyridine,hydroxyproline,accepting
imipramine,bitolterol,glycodiazine,ap5346,abt-869,4-phenylfentanyl,"5-methoxy-n,n-diisopropyltryptamine",guvacine,mixtures
acitretin,methdilazine,paramethasone,at1022,ica-105665,3-allylfentanyl,mmda,pitavastatin,painfully
verteporfin,ondansetron,mibefradil,satraplatin,nxn-188,brifentanil,alpha-methyltryptamine,cholecystokinin,earthing
nabumetone,bimatoprost,yohimbine,atl1102,gsk-923295,butyrfentanyl,heroin,rilpivirine,negotiations
ketorolac,tiagabine,bezafibrate,agro100,imc-1c11,lofentanil,"3,4-methylenedioxymethamphetamine",crizotinib,monitorings
picrotoxin,cocaine,colchicine,psn9301,vx-148,mirfentanil,5-androstenedione,ulipristal,illustrating
enoxacin,quinidine,drospirenone,imexon,svv-001,4-fluorofentanyl,bezitramide,fingolimod,deemed
quinine,zonisamide,digitoxin,xl647,sertindole,phenaridine,fencamfamine,tesamorelin,employing
tenoxicam,paricalcitol,salsalate,sgs742,sulfathiazole,r-30490,ethylmorphine,eribulin,validated
dronabinol,tinidazole,neostigmine,eg004,mianserin,thienylfentanyl,delta1-dihydrotestosterone,boceprevir,causally
montelukast,repaglinide,methotrimeprazine,xen2174,teicoplanin,trefentanil,barbital,fidaxomicin,matulane
fluoxetine,anileridine,ginseng,xl999,sulfadimethoxine,benzylfentanyl,4-hydroxytestosterone,cabozantinib,mistaken
hexylcaine,phenformin,temafloxacin,belinostat,acetylcysteine,dasabuvir,cathine,ruxolitinib,heavily
methohexital,amantadine,danazol,ataluren,rimonabant,edivoxetine,dimethyltryptamine,aminopterin,identifiable
chlordiazepoxide,metronidazole,clenbuterol,migalastat,canakinumab,viloxazine,camazepam,belimumab,defect
duloxetine,dinoprostone,bambuterol,ana380,romidepsin,nisoxetine,aminorex,teriflunomide,amplitude
chlorpromazine,almotriptan,tiotropium,emz702,ipilimumab,lortalamine,ethylestrenol,vemurafenib,immersions
rimantadine,spectinomycin,ciclesonide,amonafide,solabegron,talopram,dichloralphenazone,linagliptin,cheeks
amikacin,ketotifen,pranlukast,atl1101,pixantrone,tandamine,etorphine,perampanel,potentially
lenalidomide,buprenorphine,theobromine,cta018,icatibant,etoperidone,difenoxin,aflibercept,halflife
raloxifene,levosimendan,cefepime,arimoclomol,rufinamide,mepiprazole,"3,4-methylenedioxyamphetamine",ocriplasmin,paper
celecoxib,ceforanide,ceftibuten,apd125,alogliptin,lobeglitazone,delorazepam,carfilzomib,ligament
brimonidine,cyclobenzaprine,cefpodoxime,dg041,tapentadol,rivoglitazone,benzoylecgonine,linaclotide,closer
dicloxacillin,phenoxybenzamine,acenocoumarol,microplasmin,sugammadex,ciglitazone,tenocyclidine,arbaclofen,coasting
nabilone,etretinate,antrafenine,duramycin,silodosin,cirazoline,androstenediol,mirabegron,tables
pefloxacin,famotidine,paromomycin,xl880,prasugrel,synephrine,dextromoramide,peginesatide,taller
altretamine,azacitidine,nitroxoline,xp19986,eltrombopag,arotinolol,carfentanil,tofacitinib,incentive
sotalol,misoprostol,aminophenazone,rev131,doripenem,moxisylyte,4-androstenedione,regorafenib,mechanically-evoked
buspirone,colesevelam,alizapride,ularitide,tolvaptan,trimazosin,boldenone,aclidinium,doubled
miglitol,methacycline,ajmaline,kb2115,regadenoson,pegloticase,flunitrazepam,glucarpidase,dangerously
fosinopril,tipranavir,amrinone,grn163l,asenapine,pholcodine,diprenorphine,enzalutamide,coating
cefotaxime,mesoridazine,oxybenzone,at7519,lacosamide,piracetam,fenproporex,teduglutide,history
entacapone,maprotiline,aprindine,anatibant,dalbavancin,limaprost,dihydrocodeine,ponatinib,apart